{"name":"a31ba29a-e134-4051-bf0a-50bf63f1a874","id":"/providers/Microsoft.Flow/flows/a31ba29a-e134-4051-bf0a-50bf63f1a874","type":"Microsoft.Flow/flows","properties":{"apiId":"/providers/Microsoft.PowerApps/apis/shared_logicflows","displayName":"Create a task in Planner from Microsoft Forms and post message in Teams","definition":{"metadata":{"workflowEntityId":null,"processAdvisorMetadata":null,"flowChargedByPaygo":null,"flowclientsuspensionreason":"None","flowclientsuspensiontime":null,"flowclientsuspensionreasondetails":null,"creator":{"id":"f74f7d41-a934-4103-bd5f-0c13e73cdc06","type":"User","tenantId":"6628f69d-c091-4972-9e41-5615ffcf27ec"},"provisioningMethod":"FromDefinition","failureAlertSubscription":true,"clientLastModifiedTime":"2024-07-06T15:08:33.659396Z","connectionKeySavedTimeKey":"2024-07-06T15:08:33.659396Z"},"$schema":"https://schema.management.azure.com/providers/Microsoft.Logic/schemas/2016-06-01/workflowdefinition.json#","contentVersion":"1.0.0.0","parameters":{"$connections":{"defaultValue":{},"type":"Object"},"$authentication":{"defaultValue":{},"type":"SecureObject"}},"triggers":{"When_a_new_response_is_submitted":{"splitOn":"@triggerOutputs()?['body/value']","metadata":{"operationMetadataId":"33dc21d3-ba11-496f-a4d1-dcb8f03aeec2"},"type":"OpenApiConnectionWebhook","inputs":{"host":{"apiId":"/providers/Microsoft.PowerApps/apis/shared_microsoftforms","connectionName":"shared_microsoftforms","operationId":"CreateFormWebhook"},"parameters":{"form_id":"nfYoZpHAckmeQVYV_88n7EF9T_c0qQNBvV8ME-c83AZUMEVRM1pVVEczSk1JUFg1ODdaSlBVTk9OUC4u"},"authentication":"@parameters('$authentication')"}}},"actions":{"Get_response_details":{"runAfter":{},"metadata":{"operationMetadataId":"8d6eca82-013c-4aa5-ae6e-6eedb0b4a6ad"},"type":"OpenApiConnection","inputs":{"host":{"apiId":"/providers/Microsoft.PowerApps/apis/shared_microsoftforms","connectionName":"shared_microsoftforms","operationId":"GetFormResponseById"},"parameters":{"form_id":"nfYoZpHAckmeQVYV_88n7EF9T_c0qQNBvV8ME-c83AZUMEVRM1pVVEczSk1JUFg1ODdaSlBVTk9OUC4u","response_id":"@{triggerOutputs()?['body/resourceData/responseId']}"},"authentication":"@parameters('$authentication')"}},"Create_a_task":{"runAfter":{"Get_response_details":["Succeeded"]},"metadata":{"operationMetadataId":"598cf5e7-01d1-4183-807f-b48aa3ee7495"},"type":"OpenApiConnection","inputs":{"host":{"apiId":"/providers/Microsoft.PowerApps/apis/shared_planner","connectionName":"shared_planner","operationId":"CreateTask_V2"},"parameters":{"body/planId":"Y_iIN4x3rkqZUDU5esbWBpcAHLoO","body/title":"@outputs('Get_response_details')?['body/submitDate']","body/bucketId":"xZ3WqUsGxUSP8k81fodd-ZcAECiz","body/assignments":"@outputs('Get_response_details')?['body/responder']"},"authentication":"@parameters('$authentication')"}},"Post_message_in_a_chat_or_channel":{"runAfter":{"Create_a_task":["Succeeded"]},"metadata":{"operationMetadataId":"65561bc8-0f5b-4c75-bac9-be25a153ba0d"},"type":"OpenApiConnection","inputs":{"host":{"apiId":"/providers/Microsoft.PowerApps/apis/shared_teams","connectionName":"shared_teams","operationId":"PostMessageToConversation"},"parameters":{"poster":"Flow bot","location":"Channel","body/recipient/groupId":"64c23525-94bf-446f-8a6d-f97eb8398d97","body/recipient/channelId":"19:W69JeuJQ2mK5OeGHgGnLqr8DXvbkynlpFhl3nXnS8601@thread.tacv2","body/messageBody":"<p>@{outputs('Create_a_task')?['body/title']}</p>"},"authentication":"@parameters('$authentication')"}},"Terminate":{"runAfter":{"Create_a_task":["Failed"]},"metadata":{"operationMetadataId":"33c5d626-5615-442c-b690-37c346204b97"},"type":"Terminate","inputs":{"runStatus":"Succeeded"}}},"outputs":{}},"connectionReferences":{"shared_microsoftforms":{"connectionName":"shared-microsoftform-a26873d5-0b3c-4834-8440-f3d55c9c9b0a","source":"Embedded","id":"/providers/Microsoft.PowerApps/apis/shared_microsoftforms","tier":"NotSpecified"},"shared_planner":{"connectionName":"shared-planner-56b6dae2-d457-443d-89d3-209b13e69abf","source":"Embedded","id":"/providers/Microsoft.PowerApps/apis/shared_planner","tier":"NotSpecified"},"shared_teams":{"connectionName":"shared-teams-a531873a-2274-40b5-ba8f-3b0cd5e75d98","source":"Embedded","id":"/providers/Microsoft.PowerApps/apis/shared_teams","tier":"NotSpecified"}},"flowFailureAlertSubscribed":false,"isManaged":false}}