{"name":"e3ca26c9-03a1-4a51-b602-a7f831235844","id":"/providers/Microsoft.Flow/flows/e3ca26c9-03a1-4a51-b602-a7f831235844","type":"Microsoft.Flow/flows","properties":{"apiId":"/providers/Microsoft.PowerApps/apis/shared_logicflows","displayName":"Import CSV data to SharePoint List","definition":{"metadata":{"workflowEntityId":null,"processAdvisorMetadata":null,"flowChargedByPaygo":null,"flowclientsuspensionreason":"None","flowclientsuspensiontime":null,"flowclientsuspensionreasondetails":null,"creator":{"id":"f74f7d41-a934-4103-bd5f-0c13e73cdc06","type":"User","tenantId":"6628f69d-c091-4972-9e41-5615ffcf27ec"},"provisioningMethod":"FromDefinition","failureAlertSubscription":true,"clientLastModifiedTime":"2024-06-02T21:44:33.3800426Z","connectionKeySavedTimeKey":"2024-06-02T21:44:33.3800426Z"},"$schema":"https://schema.management.azure.com/providers/Microsoft.Logic/schemas/2016-06-01/workflowdefinition.json#","contentVersion":"1.0.0.0","parameters":{"$connections":{"defaultValue":{},"type":"Object"},"$authentication":{"defaultValue":{},"type":"SecureObject"}},"triggers":{"When_a_file_is_created_(properties_only)":{"recurrence":{"frequency":"Minute","interval":1},"splitOn":"@triggerOutputs()?['body/value']","metadata":{"operationMetadataId":"68e4b872-41e3-4e15-be67-c887a8d46a03"},"type":"OpenApiConnection","inputs":{"host":{"apiId":"/providers/Microsoft.PowerApps/apis/shared_sharepointonline","connectionName":"shared_sharepointonline","operationId":"GetOnNewFileItems"},"parameters":{"dataset":"https://dldc.sharepoint.com/sites/sicapgoal2186","table":"ef75610c-874d-45fe-8d16-5f0f9438c9f4"},"authentication":"@parameters('$authentication')"}}},"actions":{"CSVData":{"runAfter":{"Get_file_content_using_path":["Succeeded"]},"metadata":{"operationMetadataId":"c9c22320-f448-4da3-bcfe-7bba40a3d677"},"type":"Compose","inputs":"@base64ToString(outputs('Get_file_content_using_path')?['body']?['$content'])"},"NewLine":{"runAfter":{"CSVData":["Succeeded"]},"metadata":{"operationMetadataId":"d80636df-903c-432a-ad6e-eb7a3ec03ff8"},"type":"Compose","inputs":"\n"},"ArrayCSV":{"runAfter":{"NewLine":["Succeeded"]},"metadata":{"operationMetadataId":"ca05a620-1cb0-45b9-b23e-ea4439753bc5"},"type":"Compose","inputs":"@skip(split(outputs('CSVData'),outputs('NewLine')),1)"},"Filter_array":{"runAfter":{"ArrayCSV":["Succeeded"]},"metadata":{"operationMetadataId":"937c731c-7c77-4a92-a8c2-e3e72f1d7c8f"},"type":"Query","inputs":{"from":"@outputs('ArrayCSV')","where":"@not(equals(item(), ''))"}},"Apply_to_each":{"foreach":"@body('Filter_array')","actions":{"Select":{"runAfter":{},"metadata":{"operationMetadataId":"e6f254be-99f2-40dc-a452-8151dcb198b3"},"type":"Select","inputs":{"from":"@split(split(item(),',')?[6],';')","select":{"Value":"@item()"}}},"Create_item":{"runAfter":{"Select":["Succeeded"]},"metadata":{"operationMetadataId":"5619a68b-2198-4358-abcb-24c583b52d2f"},"type":"OpenApiConnection","inputs":{"host":{"apiId":"/providers/Microsoft.PowerApps/apis/shared_sharepointonline","connectionName":"shared_sharepointonline","operationId":"PostItem"},"parameters":{"dataset":"https://dldc-my.sharepoint.com/personal/mdymtriiev_dldc_org/","table":"c2f975f0-3d3c-4af9-abe9-06899c7c591b","item/Title":"@split(item(),',')?[1]","item/field_0":"@if(equals(split(item(),',')?[0],''),null,split(item(),',')?[0])","item/field_2":"@split(item(),',')?[2]","item/field_3":[{"Claims":"@if(equals(split(item(),',')?[3],''),null,concat('i:0#.f|membership|',split(item(),',')?[3]))"}],"item/field_4/Value":"@split(item(),',')?[4]","item/field_5/Value":"@split(item(),',')?[5]","item/field_6":"@body('Select')","item/field_7":"@if(equals(replace(split(item(),',')?[7],decodeUriComponent('%0D'),''),''),null, trim(split(item(),',')?[7]))"},"authentication":"@parameters('$authentication')"}}},"runAfter":{"Filter_array":["Succeeded"]},"metadata":{"operationMetadataId":"f316fa57-55cd-45bc-a8f9-e40509cc4d9d"},"type":"Foreach","runtimeConfiguration":{"concurrency":{"repetitions":50}}},"Get_file_content_using_path":{"runAfter":{},"metadata":{"operationMetadataId":"6c1323e9-fe25-43fe-af3f-ba25659f1b66"},"type":"OpenApiConnection","inputs":{"host":{"apiId":"/providers/Microsoft.PowerApps/apis/shared_sharepointonline","connectionName":"shared_sharepointonline","operationId":"GetFileContentByPath"},"parameters":{"dataset":"https://dldc.sharepoint.com/sites/sicapgoal2186","path":"@triggerOutputs()?['body/{FullPath}']","inferContentType":true},"authentication":"@parameters('$authentication')"}}}},"connectionReferences":{"shared_sharepointonline":{"connectionName":"38cb66ce397840a0a9db5aabada91e12","source":"Embedded","id":"/providers/Microsoft.PowerApps/apis/shared_sharepointonline","tier":"NotSpecified"}},"flowFailureAlertSubscribed":false,"isManaged":false}}