{"name":"78ee2e80-37b3-4dfc-8440-d56ccd9c51b1","id":"/providers/Microsoft.Flow/flows/78ee2e80-37b3-4dfc-8440-d56ccd9c51b1","type":"Microsoft.Flow/flows","properties":{"apiId":"/providers/Microsoft.PowerApps/apis/shared_logicflows","displayName":"Expense Approval Tracker Workflow","definition":{"metadata":{"workflowEntityId":null,"processAdvisorMetadata":null,"flowChargedByPaygo":null,"flowclientsuspensionreason":"None","flowclientsuspensiontime":null,"flowclientsuspensionreasondetails":null,"creator":{"id":"f74f7d41-a934-4103-bd5f-0c13e73cdc06","type":"User","tenantId":"6628f69d-c091-4972-9e41-5615ffcf27ec"},"provisioningMethod":"FromDefinition","failureAlertSubscription":true,"clientLastModifiedTime":"2024-07-07T19:37:44.6954719Z","connectionKeySavedTimeKey":"2024-07-07T19:37:44.6954719Z"},"$schema":"https://schema.management.azure.com/providers/Microsoft.Logic/schemas/2016-06-01/workflowdefinition.json#","contentVersion":"1.0.0.0","parameters":{"$connections":{"defaultValue":{},"type":"Object"},"$authentication":{"defaultValue":{},"type":"SecureObject"}},"triggers":{"When_an_item_is_created_or_modified":{"recurrence":{"frequency":"Minute","interval":1},"splitOn":"@triggerOutputs()?['body/value']","metadata":{"operationMetadataId":"8256b603-5415-4a46-8cb5-686e20b23ed0"},"type":"OpenApiConnection","inputs":{"host":{"apiId":"/providers/Microsoft.PowerApps/apis/shared_sharepointonline","connectionName":"shared_sharepointonline","operationId":"GetOnUpdatedItems"},"parameters":{"dataset":"https://dldc-my.sharepoint.com/personal/mdymtriiev_dldc_org/_layouts/","table":"7e0ad50c-dc92-457d-8579-8a1e15db9c02"},"authentication":"@parameters('$authentication')"},"conditions":[{"expression":"@or(equals(triggerOutputs()?['body/Status/Value'],'New'),equals(triggerOutputs()?['body/Status/Value'],'Rejected'))"},{"expression":"@equals(triggerOutputs()?['body/Author/Email'],triggerOutputs()?['body/Editor/Email'])"}]}},"actions":{"Update_item":{"runAfter":{"Stop_sharing_an_item_or_a_file":["Succeeded"]},"metadata":{"operationMetadataId":"dfef0dc7-f9e4-4276-bcb1-99376a5292a7"},"type":"OpenApiConnection","inputs":{"host":{"apiId":"/providers/Microsoft.PowerApps/apis/shared_sharepointonline","connectionName":"shared_sharepointonline","operationId":"PatchItem"},"parameters":{"dataset":"https://dldc-my.sharepoint.com/personal/mdymtriiev_dldc_org/_layouts","table":"7e0ad50c-dc92-457d-8579-8a1e15db9c02","id":"@triggerOutputs()?['body/ID']","item/Title":"@triggerOutputs()?['body/Title']","item/Status/Value":"Under Previw","item/ApprovalInfo":"<p>Approval Started By@{triggerOutputs()?['body/Editor/DisplayName']}</p>"},"authentication":"@parameters('$authentication')"}},"Start_and_wait_for_an_approval":{"runAfter":{"Grant_access_to_an_item_or_a_folder":["Succeeded"]},"metadata":{"operationMetadataId":"78051f8a-162e-4dc6-a404-9bd6c4fb443b"},"type":"OpenApiConnectionWebhook","inputs":{"host":{"apiId":"/providers/Microsoft.PowerApps/apis/shared_approvals","connectionName":"shared_approvals","operationId":"StartAndWaitForAnApproval"},"parameters":{"approvalType":"BasicAwaitAll","WebhookApprovalCreationInput/title":"Expencse Approval for \"@{outputs('Update_item')?['body/Title']}\"","WebhookApprovalCreationInput/assignedTo":"mdymtriiev@dldc.org;","WebhookApprovalCreationInput/details":"@{outputs('Update_item')?['body/Title']} €@{outputs('Update_item')?['body/Amount']} ","WebhookApprovalCreationInput/itemLink":"@outputs('Update_item')?['body/{Link}']","WebhookApprovalCreationInput/itemLinkDescription":"@outputs('Update_item')?['body/Title']","WebhookApprovalCreationInput/enableNotifications":true,"WebhookApprovalCreationInput/enableReassignment":true},"authentication":"@parameters('$authentication')"}},"Condition":{"actions":{"Update_item_2(status_to_Approved)":{"runAfter":{},"metadata":{"operationMetadataId":"c0d9214e-f231-4575-bc2d-337742689913"},"type":"OpenApiConnection","inputs":{"host":{"apiId":"/providers/Microsoft.PowerApps/apis/shared_sharepointonline","connectionName":"shared_sharepointonline","operationId":"PatchItem"},"parameters":{"dataset":"https://dldc-my.sharepoint.com/personal/mdymtriiev_dldc_org/","table":"7e0ad50c-dc92-457d-8579-8a1e15db9c02","id":"@outputs('Update_item')?['body/ID']","item/Title":"@outputs('Update_item')?['body/Title']","item/Status/Value":"Approved","item/ApprovalInfo":"<p>@{outputs('Compose_(Styled_HTML_Table)')}</p>"},"authentication":"@parameters('$authentication')"}}},"runAfter":{"Compose_(Styled_HTML_Table)":["Succeeded"]},"else":{"actions":{"Update_item_2(status_to_Rejected)":{"runAfter":{},"metadata":{"operationMetadataId":"e1b7f67a-9bc7-4432-bd5c-f111543d12b2"},"type":"OpenApiConnection","inputs":{"host":{"apiId":"/providers/Microsoft.PowerApps/apis/shared_sharepointonline","connectionName":"shared_sharepointonline","operationId":"PatchItem"},"parameters":{"dataset":"https://dldc-my.sharepoint.com/personal/mdymtriiev_dldc_org/","table":"7e0ad50c-dc92-457d-8579-8a1e15db9c02","id":"@outputs('Update_item')?['body/ID']","item/Title":"@outputs('Update_item')?['body/Title']","item/Status/Value":"Rejected","item/ApprovalInfo":"<p>@{outputs('Compose_(Styled_HTML_Table)')}</p>"},"authentication":"@parameters('$authentication')"}},"Grant_access_to_an_item_or_a_folder_2":{"runAfter":{"Update_item_2(status_to_Rejected)":["Succeeded"]},"metadata":{"operationMetadataId":"d37427b7-a925-46fb-b099-dcc76f5a1ff5"},"type":"OpenApiConnection","inputs":{"host":{"apiId":"/providers/Microsoft.PowerApps/apis/shared_sharepointonline","connectionName":"shared_sharepointonline","operationId":"GrantAccess"},"parameters":{"dataset":"https://dldc-my.sharepoint.com/personal/mdymtriiev_dldc_org/_layouts/","table":"7e0ad50c-dc92-457d-8579-8a1e15db9c02","id":"@outputs('Update_item_2(status_to_Rejected)')?['body/ID']","parameter/recipients":"@outputs('Update_item_2(status_to_Rejected)')?['body/Author/Email']","parameter/roleValue":"role:1073741827","parameter/emailBody":"You expense item \"@{outputs('Update_item_2(status_to_Rejected)')?['body/Title']}\" has been Rejected. Make updates and resubmit the item for approval.","parameter/sendEmail":true},"authentication":"@parameters('$authentication')"}}}},"expression":{"not":{"contains":["@outputs('Start_and_wait_for_an_approval')?['body/outcome']","Reject"]}},"metadata":{"operationMetadataId":"0d9fcb2c-8dc3-4200-917d-ef45c017b60b"},"type":"If"},"Create_HTML_table":{"runAfter":{"Start_and_wait_for_an_approval":["Succeeded"]},"metadata":{"operationMetadataId":"df9973d7-3cb4-481e-ad50-a957c5f7a426"},"type":"Table","inputs":{"from":"@outputs('Start_and_wait_for_an_approval')?['body/responses']","format":"HTML","columns":[{"header":"Approver","value":"@item()?['responder/displayName']"},{"header":"Response_Time(hh:mm:ss)","value":"@dateDifference(item()?['requestDate'], item()?['responseDate'])"},{"header":"Decision","value":"@item()?['approverResponse']"},{"header":"Comments","value":"@item()?['comments']"}]}},"Compose_(Styled_HTML_Table)":{"runAfter":{"Create_HTML_table":["Succeeded"]},"metadata":{"operationMetadataId":"a154b343-0e3b-4ffe-8a9f-8cf85889a356"},"type":"Compose","inputs":"@replace(replace(replace(body('Create_HTML_table'),'<table>','<table border=\"1px solid #ddd\" width=\"100%\" '),'<td>','<td style=\"padding:10px\">'),'<th>','<th style=\"padding:10px\">')"},"Stop_sharing_an_item_or_a_file":{"runAfter":{},"metadata":{"operationMetadataId":"f85e6436-1fc9-4e58-aa9f-fe9a8e6fb9b3"},"type":"OpenApiConnection","inputs":{"host":{"apiId":"/providers/Microsoft.PowerApps/apis/shared_sharepointonline","connectionName":"shared_sharepointonline","operationId":"UnshareItem"},"parameters":{"dataset":"https://dldc-my.sharepoint.com/personal/mdymtriiev_dldc_org/_layouts","table":"7e0ad50c-dc92-457d-8579-8a1e15db9c02","id":"@triggerOutputs()?['body/ID']"},"authentication":"@parameters('$authentication')"}},"Grant_access_to_an_item_or_a_folder":{"runAfter":{"Update_item":["Succeeded"]},"metadata":{"operationMetadataId":"15b8293c-7fb9-41ce-b2f9-89832fdd0b66"},"type":"OpenApiConnection","inputs":{"host":{"apiId":"/providers/Microsoft.PowerApps/apis/shared_sharepointonline","connectionName":"shared_sharepointonline","operationId":"GrantAccess"},"parameters":{"dataset":"https://dldc-my.sharepoint.com/personal/mdymtriiev_dldc_org/_layouts","table":"7e0ad50c-dc92-457d-8579-8a1e15db9c02","id":"@outputs('Update_item')?['body/ID']","parameter/recipients":"@{outputs('Update_item')?['body/Author/Email']}; mdymtriiev@dldc.org;","parameter/roleValue":"role:1073741826"},"authentication":"@parameters('$authentication')"}}}},"connectionReferences":{"shared_sharepointonline":{"connectionName":"38cb66ce397840a0a9db5aabada91e12","source":"Embedded","id":"/providers/Microsoft.PowerApps/apis/shared_sharepointonline","tier":"NotSpecified"},"shared_approvals":{"connectionName":"shared-approvals-f9322fba-590b-4f01-907a-50cd403e1ed5","source":"Embedded","id":"/providers/Microsoft.PowerApps/apis/shared_approvals","tier":"NotSpecified"}},"flowFailureAlertSubscribed":false,"isManaged":false}}