{"name":"3d5e1555-e793-4b20-b9a1-a4a4d9e462df","id":"/providers/Microsoft.Flow/flows/3d5e1555-e793-4b20-b9a1-a4a4d9e462df","type":"Microsoft.Flow/flows","properties":{"apiId":"/providers/Microsoft.PowerApps/apis/shared_logicflows","displayName":"Work Progress Tracker Permissions","definition":{"metadata":{"workflowEntityId":null,"processAdvisorMetadata":null,"flowChargedByPaygo":null,"flowclientsuspensionreason":"None","flowclientsuspensiontime":null,"flowclientsuspensionreasondetails":null,"creator":{"id":"f74f7d41-a934-4103-bd5f-0c13e73cdc06","type":"User","tenantId":"6628f69d-c091-4972-9e41-5615ffcf27ec"},"provisioningMethod":"FromDefinition","failureAlertSubscription":true,"clientLastModifiedTime":"2024-06-20T15:13:07.1375514Z","connectionKeySavedTimeKey":"2024-06-20T15:13:07.1375514Z"},"$schema":"https://schema.management.azure.com/providers/Microsoft.Logic/schemas/2016-06-01/workflowdefinition.json#","contentVersion":"1.0.0.0","parameters":{"$connections":{"defaultValue":{},"type":"Object"},"$authentication":{"defaultValue":{},"type":"SecureObject"}},"triggers":{"When_an_item_is_created":{"recurrence":{"frequency":"Minute","interval":1},"splitOn":"@triggerOutputs()?['body/value']","metadata":{"operationMetadataId":"8a4db87d-87c9-43ba-a10c-ba804c009ac7"},"type":"OpenApiConnection","inputs":{"host":{"apiId":"/providers/Microsoft.PowerApps/apis/shared_sharepointonline","connectionName":"shared_sharepointonline","operationId":"GetOnNewItems"},"parameters":{"dataset":"https://dldc-my.sharepoint.com/personal/mdymtriiev_dldc_org/_layouts/","table":"9b75e6e0-94d0-42ac-91b2-f8cb25722b17"},"authentication":"@parameters('$authentication')"}}},"actions":{"Stop_sharing_an_item_or_a_file":{"runAfter":{},"metadata":{"operationMetadataId":"57292e3f-0bb3-409d-83fb-9b58536932b7"},"type":"OpenApiConnection","inputs":{"host":{"apiId":"/providers/Microsoft.PowerApps/apis/shared_sharepointonline","connectionName":"shared_sharepointonline","operationId":"UnshareItem"},"parameters":{"dataset":"https://dldc-my.sharepoint.com/personal/mdymtriiev_dldc_org/_layouts/","table":"9b75e6e0-94d0-42ac-91b2-f8cb25722b17","id":"@triggerOutputs()?['body/ID']"},"authentication":"@parameters('$authentication')"}},"Grant_access_to_an_item_or_a_folder":{"runAfter":{"Stop_sharing_an_item_or_a_file":["Succeeded"]},"metadata":{"operationMetadataId":"633067ae-2eb7-425e-9941-a6a16b6761a4"},"type":"OpenApiConnection","inputs":{"host":{"apiId":"/providers/Microsoft.PowerApps/apis/shared_sharepointonline","connectionName":"shared_sharepointonline","operationId":"GrantAccess"},"parameters":{"dataset":"https://dldc-my.sharepoint.com/personal/mdymtriiev_dldc_org/_layouts/","table":"9b75e6e0-94d0-42ac-91b2-f8cb25722b17","id":"@triggerOutputs()?['body/ID']","parameter/recipients":"@{triggerOutputs()?['body/Author/Email']};@{triggerOutputs()?['body/AssignedTo0/Email']}","parameter/roleValue":"role:1073741827","parameter/sendEmail":false},"authentication":"@parameters('$authentication')"}}}},"connectionReferences":{"shared_sharepointonline":{"connectionName":"38cb66ce397840a0a9db5aabada91e12","source":"Embedded","id":"/providers/Microsoft.PowerApps/apis/shared_sharepointonline","tier":"NotSpecified"}},"flowFailureAlertSubscribed":false,"isManaged":false}}