{"name":"6ccdf9ae-d4cb-46d0-93ad-d2f73617d04e","id":"/providers/Microsoft.Flow/flows/6ccdf9ae-d4cb-46d0-93ad-d2f73617d04e","type":"Microsoft.Flow/flows","properties":{"apiId":"/providers/Microsoft.PowerApps/apis/shared_logicflows","displayName":"Data Operations Learn","definition":{"metadata":{"workflowEntityId":null,"processAdvisorMetadata":null,"flowChargedByPaygo":null,"flowclientsuspensionreason":"None","flowclientsuspensiontime":null,"flowclientsuspensionreasondetails":null,"creator":{"id":"f74f7d41-a934-4103-bd5f-0c13e73cdc06","type":"User","tenantId":"6628f69d-c091-4972-9e41-5615ffcf27ec"},"provisioningMethod":"FromDefinition","failureAlertSubscription":true,"clientLastModifiedTime":"2024-06-18T19:24:33.2973036Z","connectionKeySavedTimeKey":"2024-06-18T19:24:33.2973036Z"},"$schema":"https://schema.management.azure.com/providers/Microsoft.Logic/schemas/2016-06-01/workflowdefinition.json#","contentVersion":"1.0.0.0","parameters":{"$authentication":{"defaultValue":{},"type":"SecureObject"}},"triggers":{"manual":{"metadata":{"operationMetadataId":"c0505567-2543-4223-b2cd-b19649517258"},"type":"Request","kind":"Button","inputs":{"schema":{"type":"object","properties":{},"required":[]}}}},"actions":{"Compose_(Name)":{"runAfter":{},"metadata":{"operationMetadataId":"e1b69ff0-b3ad-4e2c-b287-021f04663e1b"},"type":"Compose","inputs":"MaksymDmytriiev"},"Compose_(Array_Numbers)":{"runAfter":{"Compose_(Name)":["Succeeded"]},"metadata":{"operationMetadataId":"d523c831-2f63-4eb9-a0db-3cefee36d264"},"type":"Compose","inputs":[1,2,3,4,5]},"Initialize_variable":{"runAfter":{"Compose_(Array_Numbers)":["Succeeded"]},"metadata":{"operationMetadataId":"23662d02-ec73-4e8f-9b1b-45cc0bda0984"},"type":"InitializeVariable","inputs":{"variables":[{"name":"flag","type":"boolean","value":"@false"}]}},"Set_variable":{"runAfter":{"Initialize_variable":["Succeeded"]},"metadata":{"operationMetadataId":"954953e2-ade9-4c6d-8779-822d9ec515c3"},"type":"SetVariable","inputs":{"name":"flag","value":"@true"}},"Compose_(Email_Addresses)":{"runAfter":{"Set_variable":["Succeeded"]},"metadata":{"operationMetadataId":"386e2a37-2c26-4e18-a258-54d9a92c5868"},"type":"Compose","inputs":["rdorrani@thepoweraddicts.onmicrosoft.com","stabor@thepoweraddicts.onmicrosoft.com","jtaylor@thepoweraddicts.onmicrosoft.com"]},"Join":{"runAfter":{"Compose_(Email_Addresses)":["Succeeded"]},"metadata":{"operationMetadataId":"9a90d646-68a7-404a-a872-d10223e04ed2"},"type":"Join","inputs":{"from":"@outputs('Compose_(Email_Addresses)')","joinWith":";"}},"Compose_(ArrayObjects)":{"runAfter":{"Join":["Succeeded"]},"metadata":{"operationMetadataId":"394ef20e-67f5-4a79-be10-b39edca8fe56"},"type":"Compose","inputs":[{"Name":"Power Apps","Img":"https://powerusers.microsoft.com/html/asset/Power_Apps_icon.svg","DataFunction":"Act"},{"Name":"Power Automate","Img":"https://powerusers.microsoft.com/html/asset/Power_Apps_Automation_icon.svg","DataFunction":"Automate"},{"Name":"Power BI","Img":"https://powerusers.microsoft.com/html/asset/Power_BI_icon.svg","DataFunction":"Analyze"},{"Name":"Power Virual Agents","Img":"https://powerusers.microsoft.com/html/asset/Power_Virtual_Agents_icon.svg","DataFunction":"Assist"}]},"Select":{"runAfter":{"Compose_(ArrayObjects)":["Succeeded"]},"metadata":{"operationMetadataId":"70676499-3c59-4bec-941e-cf18d6459c61"},"type":"Select","inputs":{"from":"@outputs('Compose_(ArrayObjects)')","select":{"Title":"@{item()?['Name']} @{item()?['DataFunction']}"}}},"Filter_array":{"runAfter":{"Select":["Succeeded"]},"metadata":{"operationMetadataId":"e32c37e0-c6e4-41c4-a7b3-280e25db8935"},"type":"Query","inputs":{"from":"@outputs('Compose_(ArrayObjects)')","where":"@not(equals(item()?['Name'], 'Power Apps'))"}},"Create_CSV_table":{"runAfter":{"Filter_array":["Succeeded"]},"metadata":{"operationMetadataId":"f6520401-3205-4cd6-bc0d-d434b582afe5"},"type":"Table","inputs":{"from":"@body('Filter_array')","format":"CSV"}},"Create_HTML_table":{"runAfter":{"Create_CSV_table":["Succeeded"]},"metadata":{"operationMetadataId":"8cbb0500-1da7-4c51-8aca-b0fe23aa6f65"},"type":"Table","inputs":{"from":"@body('Filter_array')","format":"HTML"}},"Parse_JSON":{"runAfter":{"Create_HTML_table":["Succeeded"]},"metadata":{"operationMetadataId":"13b5d59e-6355-426a-943d-5e1390d34a44"},"type":"ParseJson","inputs":{"content":"@outputs('Compose_(ArrayObjects)')","schema":{"type":"array","items":{"type":"object","properties":{"Name":{"type":"string"},"Img":{"type":"string"},"DataFunction":{"type":"string"}},"required":["Name","Img","DataFunction"]}}}},"Apply_to_each_(Select_items_from_Parse_JSON)":{"foreach":"@body('Parse_JSON')","actions":{"Compose":{"runAfter":{},"metadata":{"operationMetadataId":"41cce362-b2d0-477e-ae57-198e098166e3"},"type":"Compose","inputs":"@items('Apply_to_each_(Select_items_from_Parse_JSON)')['DataFunction']"}},"runAfter":{"Parse_JSON":["Succeeded"]},"metadata":{"operationMetadataId":"169826f2-32b6-425e-b362-9e5f11be9c37"},"type":"Foreach"}}},"connectionReferences":{},"flowFailureAlertSubscribed":false,"isManaged":false}}