{"name":"8f33c09f-c2a3-497e-85e9-d57521d5f4cc","id":"/providers/Microsoft.Flow/flows/8f33c09f-c2a3-497e-85e9-d57521d5f4cc","type":"Microsoft.Flow/flows","properties":{"apiId":"/providers/Microsoft.PowerApps/apis/shared_logicflows","displayName":"Sample Approval Flow","definition":{"metadata":{"workflowEntityId":null,"processAdvisorMetadata":null,"flowChargedByPaygo":null,"flowclientsuspensionreason":"None","flowclientsuspensiontime":null,"flowclientsuspensionreasondetails":null,"creator":{"id":"f74f7d41-a934-4103-bd5f-0c13e73cdc06","type":"User","tenantId":"6628f69d-c091-4972-9e41-5615ffcf27ec"},"provisioningMethod":"FromDefinition","failureAlertSubscription":true,"clientLastModifiedTime":"2024-06-18T21:18:32.0284415Z","connectionKeySavedTimeKey":"2024-06-18T21:18:32.0284415Z"},"$schema":"https://schema.management.azure.com/providers/Microsoft.Logic/schemas/2016-06-01/workflowdefinition.json#","contentVersion":"1.0.0.0","parameters":{"$connections":{"defaultValue":{},"type":"Object"},"$authentication":{"defaultValue":{},"type":"SecureObject"}},"triggers":{"manual":{"metadata":{"operationMetadataId":"28ba46a5-d4e7-4ee6-b408-3e0a9819d1fc"},"type":"Request","kind":"Button","inputs":{"schema":{"type":"object","properties":{},"required":[]}}}},"actions":{"Start_and_wait_for_an_approval":{"runAfter":{"Join":["Succeeded"]},"metadata":{"operationMetadataId":"703caa3e-c31c-464d-b196-8f46e1d592b1"},"type":"OpenApiConnectionWebhook","inputs":{"host":{"apiId":"/providers/Microsoft.PowerApps/apis/shared_approvals","connectionName":"shared_approvals","operationId":"StartAndWaitForAnApproval"},"parameters":{"approvalType":"BasicAwaitAll","WebhookApprovalCreationInput/title":"Sample Approval","WebhookApprovalCreationInput/assignedTo":"@{body('Join')};","WebhookApprovalCreationInput/enableNotifications":true,"WebhookApprovalCreationInput/enableReassignment":true},"authentication":{"value":"@json(decodeBase64(triggerOutputs().headers['X-MS-APIM-Tokens']))['$ConnectionKey']","type":"Raw"}}},"List_group_members":{"runAfter":{},"metadata":{"operationMetadataId":"c67cfed4-92e9-4420-bc17-3f7c815b4bb1"},"type":"OpenApiConnection","inputs":{"host":{"apiId":"/providers/Microsoft.PowerApps/apis/shared_office365groups","connectionName":"shared_office365groups","operationId":"ListGroupMembers"},"parameters":{"groupId":"2513aa4b-de08-44cd-8487-b87c2775e27c"},"authentication":{"value":"@json(decodeBase64(triggerOutputs().headers['X-MS-APIM-Tokens']))['$ConnectionKey']","type":"Raw"}}},"Select":{"runAfter":{"List_group_members":["Succeeded"]},"metadata":{"operationMetadataId":"b9ba9092-ef3c-4240-8363-05d48a464ca2"},"type":"Select","inputs":{"from":"@outputs('List_group_members')?['body/value']","select":"@item()?['mail']"}},"Join":{"runAfter":{"Select":["Succeeded"]},"metadata":{"operationMetadataId":"4e12a58b-3c03-497e-868f-c5727037ccb2"},"type":"Join","inputs":{"from":"@body('Select')","joinWith":";"}},"Create_HTML_table":{"runAfter":{"Start_and_wait_for_an_approval":["Succeeded"]},"metadata":{"operationMetadataId":"a9095032-c636-417f-80c2-53e41cc89b42"},"type":"Table","inputs":{"from":"@outputs('Start_and_wait_for_an_approval')?['body/responses']","format":"HTML","columns":[{"header":"@string('Approver Name')","value":"@item()?['responder/displayName']"},{"header":"Decision","value":"@item()?['approverResponse']"},{"header":"Comments","value":"@coalesce(item()?['comments'], 'NA')"},{"header":"@string('Response Date and Time')","value":"@convertFromUtc(item()?['responseDate'], 'Eastern Standard Time','M/dd/yyy h/mm tt')"}]}},"Send_an_email_(V2)":{"runAfter":{"Compose(Style)":["Succeeded"]},"metadata":{"operationMetadataId":"672d2043-5268-47fb-a824-42104fb767af"},"type":"OpenApiConnection","inputs":{"host":{"apiId":"/providers/Microsoft.PowerApps/apis/shared_office365","connectionName":"shared_office365","operationId":"SendEmailV2"},"parameters":{"emailMessage/To":"mdymtriiev@dldc.org","emailMessage/Subject":"Approval Responcse","emailMessage/Body":"<p>@{outputs('Compose(Style)')}<br>\n@{body('Create_HTML_table')}</p>","emailMessage/Importance":"Normal"},"authentication":{"value":"@json(decodeBase64(triggerOutputs().headers['X-MS-APIM-Tokens']))['$ConnectionKey']","type":"Raw"}}},"Compose(Style)":{"runAfter":{"Create_HTML_table":["Succeeded"]},"metadata":{"operationMetadataId":"20269319-3bae-478e-a4e0-2b05c44edac9"},"type":"Compose","inputs":"<style>\ntable {\n  border: 1px solid #1C6EA4;\n  background-color: #EEEEEE;\n  width: 100%;\n  text-align: left;\n  border-collapse: collapse;\n}\ntable td, table th {\n  border: 1px solid #AAAAAA;\n  padding: 3px 2px;\n}\ntable tbody td {\n  font-size: 13px;\n}\ntable thead {\n  background: #1C6EA4;\n  border-bottom: 2px solid #444444;\n}\ntable thead th {\n  font-size: 15px;\n  font-weight: bold;\n  color: #FFFFFF;\n  border-left: 2px solid #D0E4F5;\n}\ntable thead th:first-child {\n  border-left: none;\n}\n</style>"}}},"connectionReferences":{"shared_approvals":{"connectionName":"shared-approvals-f9322fba-590b-4f01-907a-50cd403e1ed5","source":"Invoker","id":"/providers/Microsoft.PowerApps/apis/shared_approvals","tier":"NotSpecified"},"shared_office365groups":{"connectionName":"shared-office365grou-434360e2-89d0-44e0-831a-7f2d7acd9e8b","source":"Invoker","id":"/providers/Microsoft.PowerApps/apis/shared_office365groups","tier":"NotSpecified"},"shared_office365":{"connectionName":"6e996dbeecb34b65a0b1cbab1061a46a","source":"Invoker","id":"/providers/Microsoft.PowerApps/apis/shared_office365","tier":"NotSpecified"}},"flowFailureAlertSubscribed":false,"isManaged":false}}