{"name":"14fde7f4-8b9d-429b-9ab7-40d197402c70","id":"/providers/Microsoft.Flow/flows/14fde7f4-8b9d-429b-9ab7-40d197402c70","type":"Microsoft.Flow/flows","properties":{"apiId":"/providers/Microsoft.PowerApps/apis/shared_logicflows","displayName":"Add an Outlook task for a selected file","definition":{"metadata":{"workflowEntityId":null,"processAdvisorMetadata":null,"flowChargedByPaygo":null,"flowclientsuspensionreason":"None","flowclientsuspensiontime":null,"flowclientsuspensionreasondetails":null,"creator":{"id":"f74f7d41-a934-4103-bd5f-0c13e73cdc06","type":"User","tenantId":"6628f69d-c091-4972-9e41-5615ffcf27ec"},"provisioningMethod":"FromDefinition","failureAlertSubscription":true,"clientLastModifiedTime":"2024-05-31T19:43:28.9085529Z","connectionKeySavedTimeKey":"2024-05-31T19:43:28.9085529Z"},"$schema":"https://schema.management.azure.com/providers/Microsoft.Logic/schemas/2016-06-01/workflowdefinition.json#","contentVersion":"1.0.0.0","parameters":{"$connections":{"defaultValue":{},"type":"Object"},"$authentication":{"defaultValue":{},"type":"SecureObject"},"sharepoint.site":{"defaultValue":"","type":"String"},"sharepoint.list":{"defaultValue":"","type":"String"}},"triggers":{"manual":{"splitOn":"@triggerBody()['rows']","metadata":{"operationMetadataId":"c110e5ea-656c-42fa-af1a-973761a5a74f"},"type":"Request","kind":"ApiConnection","inputs":{"schema":{"type":"object","properties":{"rows":{"type":"array","items":{"type":"object","properties":{"text":{"title":"Task subject","type":"string","x-ms-dynamically-added":true,"description":"Enter a subject for your task","x-ms-content-hint":"TEXT"},"text_1":{"title":"Importance","type":"string","x-ms-dynamically-added":true,"description":"Please enter your input","x-ms-content-hint":"TEXT","enum":["low","normal","high"]}},"required":["text","text_1"]}}},"required":["rows"]},"host":{"connection":{"name":"@parameters('$connections')['shared_sharepointonline']['connectionId']"},"api":{"runtimeUrl":"https://flow-apim-europe-001-westeurope-01.azure-apim.net/apim/sharepointonline"}},"operationId":"ForASelectedFileHybridTrigger","parameters":{"dataset":"https://dldc.sharepoint.com/sites/sicapgoal2186","table":"ef75610c-874d-45fe-8d16-5f0f9438c9f4"}}}},"actions":{"Get_file_properties":{"runAfter":{},"metadata":{"flowSystemMetadata":{"swaggerOperationId":"GetFileItem"},"operationMetadataId":"89d68ba0-602b-4379-a35a-442b47b45486"},"type":"OpenApiConnection","inputs":{"host":{"apiId":"/providers/Microsoft.PowerApps/apis/shared_sharepointonline","connectionName":"shared_sharepointonline","operationId":"GetFileItem"},"parameters":{"dataset":"https://dldc.sharepoint.com/sites/sicapgoal2186","table":"ef75610c-874d-45fe-8d16-5f0f9438c9f4","id":"@triggerBody()?['entity']?['FileId']"},"authentication":{"value":"@json(decodeBase64(triggerOutputs().headers['X-MS-APIM-Tokens']))['$ConnectionKey']","type":"Raw"}}},"Add_a_to-do_(V3)":{"runAfter":{"Get_file_properties":["Succeeded"]},"metadata":{"operationMetadataId":"1c8f4df2-82ed-41dc-918f-d49cb4f91b51"},"type":"OpenApiConnection","inputs":{"host":{"apiId":"/providers/Microsoft.PowerApps/apis/shared_todo","connectionName":"shared_todo","operationId":"CreateToDoV3"},"parameters":{"folderId":"AQMkADlmYjJjODdiLTE0NjItNGY0Yi1iZTY4LTE4NTRhZTcwYTdlNgAuAAADh3VxxG-81U_W3iGv7AwJIgEAhCc9G1TGtUGGlglWdpQnWAAAAgESAAAA","body/title":"@triggerBody()['text']","body/importance":"@triggerBody()['text_1']","body/status":"notStarted","body/body/content":"Link to item: @{replace(body('Get_file_properties')?['{Link}'],' ','%20')}"},"authentication":{"value":"@json(decodeBase64(triggerOutputs().headers['X-MS-APIM-Tokens']))['$ConnectionKey']","type":"Raw"}}}},"outputs":{},"description":"Create a task in Outlook with a link to the selected file. To run this flow, select a file and choose this flow from the Flow menu."},"connectionReferences":{"shared_sharepointonline":{"connectionName":"38cb66ce397840a0a9db5aabada91e12","source":"Invoker","id":"/providers/Microsoft.PowerApps/apis/shared_sharepointonline","tier":"NotSpecified"},"shared_todo":{"connectionName":"shared-todo-6af366b3-7995-48a3-b5fa-3b2257beff76","source":"Invoker","id":"/providers/Microsoft.PowerApps/apis/shared_todo","tier":"NotSpecified"}},"flowFailureAlertSubscribed":false,"isManaged":false}}