{"name":"00b048f9-fd89-4bc0-9bd4-fe2081c85829","id":"/providers/Microsoft.Flow/flows/00b048f9-fd89-4bc0-9bd4-fe2081c85829","type":"Microsoft.Flow/flows","properties":{"apiId":"/providers/Microsoft.PowerApps/apis/shared_logicflows","displayName":"Planner Tasks for Survey","definition":{"metadata":{"workflowEntityId":null,"processAdvisorMetadata":null,"flowChargedByPaygo":null,"flowclientsuspensionreason":"None","flowclientsuspensiontime":null,"flowclientsuspensionreasondetails":null,"creator":{"id":"f74f7d41-a934-4103-bd5f-0c13e73cdc06","type":"User","tenantId":"6628f69d-c091-4972-9e41-5615ffcf27ec"},"provisioningMethod":"FromDefinition","failureAlertSubscription":true,"clientLastModifiedTime":"2024-07-06T14:37:12.0724233Z","connectionKeySavedTimeKey":"2024-07-06T14:37:12.0724233Z"},"$schema":"https://schema.management.azure.com/providers/Microsoft.Logic/schemas/2016-06-01/workflowdefinition.json#","contentVersion":"1.0.0.0","parameters":{"$authentication":{"defaultValue":{},"type":"SecureObject"},"$connections":{"defaultValue":{},"type":"Object"}},"triggers":{"When_a_task_is_assigned_to_me":{"recurrence":{"frequency":"Minute","interval":1},"splitOn":"@triggerOutputs()?['body/value']","metadata":{"operationMetadataId":"3c602134-6960-45af-82c9-fa6c19b91150"},"type":"OpenApiConnection","inputs":{"host":{"apiId":"/providers/Microsoft.PowerApps/apis/shared_planner","connectionName":"shared_planner","operationId":"OnTaskAssignedToMe_V2"},"authentication":"@parameters('$authentication')"}}},"actions":{"Create_a_to-do_list_(V2)":{"runAfter":{},"metadata":{"operationMetadataId":"9b38a542-fd70-419a-b318-9289beb4b279"},"type":"OpenApiConnection","inputs":{"parameters":{"body/displayName":"@triggerOutputs()?['body/title']"},"host":{"apiId":"/providers/Microsoft.PowerApps/apis/shared_todo","connectionName":"shared_todo","operationId":"CreateToDoListV2"},"authentication":"@parameters('$authentication')"}},"Apply_to_each":{"foreach":"@triggerOutputs()?['body/_assignments']","actions":{"Add_a_to-do_(V3)":{"metadata":{"operationMetadataId":"3ce93a14-d705-4d1f-b0ae-d42517867469"},"type":"OpenApiConnection","inputs":{"parameters":{"folderId":"@outputs('Create_a_to-do_list_(V2)')?['body/id']","body/title":"@triggerOutputs()?['body/title']","body/dueDateTime/dateTime":"@triggerOutputs()?['body/dueDateTime']","body/body/content":"<p>@{items('Apply_to_each')?['value/assignedBy/user/id']}</p>"},"host":{"apiId":"/providers/Microsoft.PowerApps/apis/shared_todo","connectionName":"shared_todo","operationId":"CreateToDoV3"},"authentication":"@parameters('$authentication')"}}},"runAfter":{"Create_a_to-do_list_(V2)":["Succeeded"]},"metadata":{"operationMetadataId":"6878d1bb-f546-40ab-b7d1-e01020e5bf87"},"type":"Foreach"}}},"connectionReferences":{"shared_planner":{"connectionName":"shared-planner-56b6dae2-d457-443d-89d3-209b13e69abf","source":"Embedded","id":"/providers/Microsoft.PowerApps/apis/shared_planner","tier":"NotSpecified"},"shared_todo":{"connectionName":"shared-todo-6af366b3-7995-48a3-b5fa-3b2257beff76","source":"Embedded","id":"/providers/Microsoft.PowerApps/apis/shared_todo","tier":"NotSpecified"}},"flowFailureAlertSubscribed":false,"isManaged":false}}