{"name":"c773af12-94db-42f3-8505-120966801329","id":"/providers/Microsoft.Flow/flows/c773af12-94db-42f3-8505-120966801329","type":"Microsoft.Flow/flows","properties":{"apiId":"/providers/Microsoft.PowerApps/apis/shared_logicflows","displayName":"Create a PDF Copy of this OneDrive file","definition":{"metadata":{"workflowEntityId":null,"processAdvisorMetadata":null,"flowChargedByPaygo":null,"flowclientsuspensionreason":"None","flowclientsuspensiontime":null,"flowclientsuspensionreasondetails":null,"creator":{"id":"f74f7d41-a934-4103-bd5f-0c13e73cdc06","type":"User","tenantId":"6628f69d-c091-4972-9e41-5615ffcf27ec"},"provisioningMethod":"FromDefinition","failureAlertSubscription":true,"clientLastModifiedTime":"2024-05-23T18:59:59.98404Z","connectionKeySavedTimeKey":"2024-05-23T18:59:59.98404Z"},"$schema":"https://schema.management.azure.com/providers/Microsoft.Logic/schemas/2016-06-01/workflowdefinition.json#","contentVersion":"1.0.0.0","parameters":{"$connections":{"defaultValue":{},"type":"Object"},"$authentication":{"defaultValue":{},"type":"SecureObject"}},"triggers":{"manual":{"splitOn":"@triggerBody()['rows']","metadata":{"flowSystemMetadata":{"swaggerOperationId":"ForASelectedFile"},"operationMetadataId":"2622564f-dbb5-457d-90e9-923c8202df32"},"type":"Request","kind":"ApiConnection","inputs":{"schema":{"type":"object","properties":{"rows":{"type":"array","items":{"type":"object","properties":{"entity":{"type":"object","properties":{"filePath":{"type":"string"}},"required":["filePath"]}},"required":["entity"]}}},"required":["rows"]},"host":{"connection":{"name":"@parameters('$connections')['shared_onedriveforbusiness']['connectionId']"},"api":{"runtimeUrl":"https://flow-apim-europe-001-westeurope-01.azure-apim.net/apim/onedriveforbusiness"}},"operationId":"ForASelectedFile","parameters":{}}}},"actions":{"Get_my_profile_(V2)":{"runAfter":{},"metadata":{"operationMetadataId":"e25c60f0-572e-4c8d-9bbe-4833621221e3"},"type":"OpenApiConnection","inputs":{"host":{"apiId":"/providers/Microsoft.PowerApps/apis/shared_office365users","connectionName":"shared_office365users","operationId":"MyProfile_V2"},"parameters":{"$select":"mail"},"authentication":{"value":"@json(decodeBase64(triggerOutputs().headers['X-MS-APIM-Tokens']))['$ConnectionKey']","type":"Raw"}}},"Get_file_metadata_using_path":{"runAfter":{"Get_my_profile_(V2)":["Succeeded"]},"metadata":{"operationMetadataId":"36dd2835-5c1a-4b5a-b414-99d413b40991"},"type":"OpenApiConnection","inputs":{"host":{"apiId":"/providers/Microsoft.PowerApps/apis/shared_onedriveforbusiness","connectionName":"shared_onedriveforbusiness","operationId":"GetFileMetadataByPath"},"parameters":{"path":"@triggerBody()?['entity']?['filePath']"},"authentication":{"value":"@json(decodeBase64(triggerOutputs().headers['X-MS-APIM-Tokens']))['$ConnectionKey']","type":"Raw"}}},"Convert_file_using_path":{"runAfter":{"Get_file_metadata_using_path":["Succeeded"]},"metadata":{"operationMetadataId":"222c9ecf-2a96-4a20-b995-55921281c019"},"type":"OpenApiConnection","inputs":{"host":{"apiId":"/providers/Microsoft.PowerApps/apis/shared_onedriveforbusiness","connectionName":"shared_onedriveforbusiness","operationId":"ConvertFileByPath"},"parameters":{"path":"@outputs('Get_file_metadata_using_path')?['body/Path']","type":"PDF"},"authentication":{"value":"@json(decodeBase64(triggerOutputs().headers['X-MS-APIM-Tokens']))['$ConnectionKey']","type":"Raw"}}},"Condition":{"actions":{"Send_an_email":{"runAfter":{},"metadata":{"operationMetadataId":"21d58fa1-dc97-4435-ab39-3a149181697a"},"type":"OpenApiConnection","inputs":{"host":{"apiId":"/providers/Microsoft.PowerApps/apis/shared_office365","connectionName":"shared_office365","operationId":"SendEmailV2"},"parameters":{"emailMessage/To":"@outputs('Get_my_profile_(V2)')?['body/mail']","emailMessage/Subject":"Failed to convert file using path in OneDrive","emailMessage/Body":"<p>An error occurred while converting the file to PDF in OneDrive due to unsupported file format.<br>The list of supported conversions can be found at https://aka.ms/onedriveconversions <br>\nStatus: @{body('Convert_file_using_path')?['status']}<br>\nMessage: @{body('Convert_file_using_path')?['message']}</p>","emailMessage/Importance":"Normal"},"authentication":{"value":"@json(decodeBase64(triggerOutputs().headers['X-MS-APIM-Tokens']))['$ConnectionKey']","type":"Raw"}}}},"runAfter":{"Convert_file_using_path":["Failed"]},"expression":{"equals":["@body('Convert_file_using_path')?['status']",406]},"metadata":{"operationMetadataId":"2b153afa-62aa-4187-b837-6bb574d2cf7a"},"type":"If"},"Create_file":{"runAfter":{"Condition":["Skipped"]},"metadata":{"operationMetadataId":"39e0deb9-9164-4582-af96-d2e07fe8689e"},"type":"OpenApiConnection","inputs":{"host":{"apiId":"/providers/Microsoft.PowerApps/apis/shared_onedriveforbusiness","connectionName":"shared_onedriveforbusiness","operationId":"CreateFile"},"parameters":{"folderPath":"@substring(triggerBody()['entity']['filePath'], 0, lastIndexOf(triggerBody()['entity']['filePath'], '/'))","name":"@concat(substring(body('Get_file_metadata_using_path')['Name'], 0, lastIndexOf(body('Get_file_metadata_using_path')['Name'], '.')), '_', formatDateTime(utcNow(), 'yyyy-MM-dd_H-mm'),'.pdf')","body":"@body('Convert_file_using_path')"},"authentication":{"value":"@json(decodeBase64(triggerOutputs().headers['X-MS-APIM-Tokens']))['$ConnectionKey']","type":"Raw"}},"runtimeConfiguration":{"contentTransfer":{"transferMode":"Chunked"}}}},"outputs":{},"description":"Create a PDF copy of the OneDrive (Business) file you select in the same folder."},"connectionReferences":{"shared_onedriveforbusiness":{"connectionName":"37283bd99cd04af0804e0f29176b0355","source":"Invoker","id":"/providers/Microsoft.PowerApps/apis/shared_onedriveforbusiness","tier":"NotSpecified"},"shared_office365users":{"connectionName":"5d9922f5b51942fa9d2cb8c49152c7ff","source":"Invoker","id":"/providers/Microsoft.PowerApps/apis/shared_office365users","tier":"NotSpecified"},"shared_office365":{"connectionName":"6e996dbeecb34b65a0b1cbab1061a46a","source":"Invoker","id":"/providers/Microsoft.PowerApps/apis/shared_office365","tier":"NotSpecified"}},"flowFailureAlertSubscribed":false,"isManaged":false}}