{"name":"f5b6bcab-ec07-4c7e-9a30-28cd4fbcae6b","id":"/providers/Microsoft.Flow/flows/f5b6bcab-ec07-4c7e-9a30-28cd4fbcae6b","type":"Microsoft.Flow/flows","properties":{"apiId":"/providers/Microsoft.PowerApps/apis/shared_logicflows","displayName":"Service Desk Report","definition":{"metadata":{"workflowEntityId":null,"processAdvisorMetadata":null,"flowChargedByPaygo":null,"flowclientsuspensionreason":"None","flowclientsuspensiontime":null,"flowclientsuspensionreasondetails":null,"creator":{"id":"f74f7d41-a934-4103-bd5f-0c13e73cdc06","type":"User","tenantId":"6628f69d-c091-4972-9e41-5615ffcf27ec"},"provisioningMethod":"FromDefinition","failureAlertSubscription":true,"clientLastModifiedTime":"2024-06-19T19:31:40.461172Z","connectionKeySavedTimeKey":"2024-06-19T19:31:40.461172Z"},"$schema":"https://schema.management.azure.com/providers/Microsoft.Logic/schemas/2016-06-01/workflowdefinition.json#","contentVersion":"1.0.0.0","parameters":{"$connections":{"defaultValue":{},"type":"Object"},"$authentication":{"defaultValue":{},"type":"SecureObject"}},"triggers":{"Recurrence":{"recurrence":{"frequency":"Month","interval":1,"timeZone":"GMT Standard Time","startTime":"2024-06-19T09:00:00.000Z"},"metadata":{"operationMetadataId":"2cedbf25-6a01-48f8-9442-886b030ef29b"},"type":"Recurrence"}},"actions":{"Get_items":{"runAfter":{},"metadata":{"operationMetadataId":"293dfe69-cccd-4006-acf4-114801c5dd15"},"type":"OpenApiConnection","inputs":{"host":{"apiId":"/providers/Microsoft.PowerApps/apis/shared_sharepointonline","connectionName":"shared_sharepointonline","operationId":"GetItems"},"parameters":{"dataset":"https://dldc-my.sharepoint.com/personal/mdymtriiev_dldc_org/_layouts/","table":"34c63a76-660f-480f-b49b-521b23bd59a8","$filter":"Status eq 'Pending'"},"authentication":"@parameters('$authentication')"}},"Create_HTML_table":{"runAfter":{"Get_items":["Succeeded"]},"metadata":{"operationMetadataId":"a2e82f97-e7e1-4703-9a63-d39c894de30d"},"type":"Table","inputs":{"from":"@outputs('Get_items')?['body/value']","format":"HTML","columns":[{"header":"Title","value":"@item()?['Title']"},{"header":"Ticket ID","value":"@item()?['ID']"},{"header":"Priority","value":"@item()?['Priority/Value']"},{"header":"Create By","value":"@item()?['CreateBy/DisplayName']"}]}},"Send_an_email_(V2)":{"runAfter":{"Compose(Styles)":["Succeeded"]},"metadata":{"operationMetadataId":"4c1e3e6f-639e-4507-95ac-58be3c90230e"},"type":"OpenApiConnection","inputs":{"host":{"apiId":"/providers/Microsoft.PowerApps/apis/shared_office365","connectionName":"shared_office365","operationId":"SendEmailV2"},"parameters":{"emailMessage/To":"mdymtriiev@dldc.org","emailMessage/Subject":"Service Desk report","emailMessage/Body":"<p>@{outputs('Compose(Styles)')} <br>\n@{body('Create_HTML_table')}</p>","emailMessage/Importance":"Normal"},"authentication":"@parameters('$authentication')"}},"Compose(Styles)":{"runAfter":{"Create_HTML_table":["Succeeded"]},"metadata":{"operationMetadataId":"c1de1975-de1d-4638-8ebb-cc5d234cdc5c"},"type":"Compose","inputs":"<style>\ntable {\n  border: 1px solid #1C6EA4;\n  background-color: #EEEEEE;\n  width: 100%;\n  text-align: left;\n  border-collapse: collapse;\n}\ntable td, table th {\n  border: 1px solid #AAAAAA;\n  padding: 3px 2px;\n}\ntable tbody td {\n  font-size: 13px;\n}\ntable thead {\n  background: #1C6EA4;\n  border-bottom: 2px solid #444444;\n}\ntable thead th {\n  font-size: 15px;\n  font-weight: bold;\n  color: #FFFFFF;\n  border-left: 2px solid #D0E4F5;\n}\ntable thead th:first-child {\n  border-left: none;\n}\n</style>\n"}}},"connectionReferences":{"shared_sharepointonline":{"connectionName":"38cb66ce397840a0a9db5aabada91e12","source":"Embedded","id":"/providers/Microsoft.PowerApps/apis/shared_sharepointonline","tier":"NotSpecified"},"shared_office365":{"connectionName":"6e996dbeecb34b65a0b1cbab1061a46a","source":"Embedded","id":"/providers/Microsoft.PowerApps/apis/shared_office365","tier":"NotSpecified"}},"flowFailureAlertSubscribed":false,"isManaged":false}}