{"name":"70f3c7f1-afff-4126-bb69-3e858a36ff79","id":"/providers/Microsoft.Flow/flows/70f3c7f1-afff-4126-bb69-3e858a36ff79","type":"Microsoft.Flow/flows","properties":{"apiId":"/providers/Microsoft.PowerApps/apis/shared_logicflows","displayName":"Send an email when a new message is added in Microsoft Teams.","definition":{"metadata":{"workflowEntityId":null,"processAdvisorMetadata":null,"flowChargedByPaygo":null,"flowclientsuspensionreason":"None","flowclientsuspensiontime":null,"flowclientsuspensionreasondetails":null,"creator":{"id":"f74f7d41-a934-4103-bd5f-0c13e73cdc06","type":"User","tenantId":"6628f69d-c091-4972-9e41-5615ffcf27ec"},"provisioningMethod":"FromDefinition","failureAlertSubscription":true,"clientLastModifiedTime":"2024-05-31T15:48:51.2713001Z","connectionKeySavedTimeKey":"2024-05-31T15:48:51.2713001Z"},"$schema":"https://schema.management.azure.com/providers/Microsoft.Logic/schemas/2016-06-01/workflowdefinition.json#","contentVersion":"1.0.0.0","parameters":{"$connections":{"defaultValue":{},"type":"Object"},"$authentication":{"defaultValue":{},"type":"SecureObject"}},"triggers":{"When_a_new_channel_message_is_added":{"recurrence":{"frequency":"Minute","interval":1},"splitOn":"@triggerOutputs()?['body']","metadata":{"operationMetadataId":"7fafb0db-6848-4ff2-9bfe-cf4ca244cc08"},"type":"OpenApiConnection","inputs":{"host":{"apiId":"/providers/Microsoft.PowerApps/apis/shared_teams","connectionName":"shared_teams","operationId":"OnNewChannelMessage"},"parameters":{"groupId":"64c23525-94bf-446f-8a6d-f97eb8398d97","channelId":"19:W69JeuJQ2mK5OeGHgGnLqr8DXvbkynlpFhl3nXnS8601@thread.tacv2"},"authentication":"@parameters('$authentication')"}}},"actions":{"Send_an_email_(V2)":{"runAfter":{},"metadata":{"operationMetadataId":"151bb181-e324-4c50-a636-a5f0060b2ab5"},"type":"OpenApiConnection","inputs":{"host":{"apiId":"/providers/Microsoft.PowerApps/apis/shared_office365","connectionName":"shared_office365","operationId":"SendEmailV2"},"parameters":{"emailMessage/To":"mdymtriiev@dldc.org","emailMessage/Subject":"New message on Microsoft Teams channel","emailMessage/Body":"<p>Message From: @{triggerOutputs()?['body/from/user/displayName']}<br>\nImportance: @{triggerBody()?['importance']}<br>\nBody: @{triggerBody()?['body']?['content']}</p>","emailMessage/Importance":"Normal"},"authentication":"@parameters('$authentication')"}}},"outputs":{},"description":"When a new message is added in a Microsoft Teams channel, Send an email with its details"},"connectionReferences":{"shared_office365":{"connectionName":"6e996dbeecb34b65a0b1cbab1061a46a","source":"Embedded","id":"/providers/Microsoft.PowerApps/apis/shared_office365","tier":"NotSpecified"},"shared_teams":{"connectionName":"shared-teams-a531873a-2274-40b5-ba8f-3b0cd5e75d98","source":"Embedded","id":"/providers/Microsoft.PowerApps/apis/shared_teams","tier":"NotSpecified"}},"flowFailureAlertSubscribed":false,"isManaged":false}}