{"name":"06a104fa-a8d4-4856-881a-3ac65fbcfba6","id":"/providers/Microsoft.Flow/flows/06a104fa-a8d4-4856-881a-3ac65fbcfba6","type":"Microsoft.Flow/flows","properties":{"apiId":"/providers/Microsoft.PowerApps/apis/shared_logicflows","displayName":"Send Report from Asset Management System - 2","definition":{"metadata":{"workflowEntityId":null,"processAdvisorMetadata":null,"flowChargedByPaygo":null,"flowclientsuspensionreason":"None","flowclientsuspensiontime":null,"flowclientsuspensionreasondetails":null,"creator":{"id":"f74f7d41-a934-4103-bd5f-0c13e73cdc06","type":"User","tenantId":"6628f69d-c091-4972-9e41-5615ffcf27ec"},"provisioningMethod":"FromDefinition","failureAlertSubscription":true,"clientLastModifiedTime":"2024-06-20T12:28:41.6689714Z","connectionKeySavedTimeKey":"2024-06-20T12:28:41.6689714Z"},"$schema":"https://schema.management.azure.com/providers/Microsoft.Logic/schemas/2016-06-01/workflowdefinition.json#","contentVersion":"1.0.0.0","parameters":{"$authentication":{"defaultValue":{},"type":"SecureObject"}},"triggers":{"manual":{"metadata":{"operationMetadataId":"3fb947ca-dd72-4347-afc2-b94129b0fea4"},"type":"Request","kind":"Button","inputs":{"schema":{"type":"object","properties":{"email":{"title":"Email","type":"string","format":"email","x-ms-dynamically-added":true,"description":"Please enter an e-mail address","x-ms-content-hint":"EMAIL"},"text":{"title":"Status","type":"array","x-ms-dynamically-added":true,"description":"Please select Status(s)","items":{"enum":["Available","Reserved","In repair"],"type":"string"},"x-ms-content-hint":"TEXT"}},"required":["email","text"]}}}},"actions":{"Initialize_variable":{"runAfter":{},"metadata":{"operationMetadataId":"9f5ca07c-0922-41ae-8edf-58141dd30e33"},"type":"InitializeVariable","inputs":{"variables":[{"name":"varHTML","type":"array"}]}}}},"connectionReferences":{},"flowFailureAlertSubscribed":false,"isManaged":false}}