{"name":"2bfbbc5f-e161-49ae-a413-41b1f35dba56","id":"/providers/Microsoft.Flow/flows/2bfbbc5f-e161-49ae-a413-41b1f35dba56","type":"Microsoft.Flow/flows","properties":{"apiId":"/providers/Microsoft.PowerApps/apis/shared_logicflows","displayName":"Power Automate Survey Results","definition":{"metadata":{"workflowEntityId":null,"processAdvisorMetadata":null,"flowChargedByPaygo":null,"flowclientsuspensionreason":"None","flowclientsuspensiontime":null,"flowclientsuspensionreasondetails":null,"creator":{"id":"f74f7d41-a934-4103-bd5f-0c13e73cdc06","type":"User","tenantId":"6628f69d-c091-4972-9e41-5615ffcf27ec"},"provisioningMethod":"FromDefinition","failureAlertSubscription":true,"clientLastModifiedTime":"2024-07-06T12:44:42.2752273Z","connectionKeySavedTimeKey":"2024-07-06T12:44:42.2752273Z"},"$schema":"https://schema.management.azure.com/providers/Microsoft.Logic/schemas/2016-06-01/workflowdefinition.json#","contentVersion":"1.0.0.0","parameters":{"$connections":{"defaultValue":{},"type":"Object"},"$authentication":{"defaultValue":{},"type":"SecureObject"}},"triggers":{"When_a_new_response_is_submitted":{"splitOn":"@triggerOutputs()?['body/value']","metadata":{"operationMetadataId":"42035ef4-1c82-4e51-9559-0d5a29030461"},"type":"OpenApiConnectionWebhook","inputs":{"host":{"apiId":"/providers/Microsoft.PowerApps/apis/shared_microsoftforms","connectionName":"shared_microsoftforms","operationId":"CreateFormWebhook"},"parameters":{"form_id":"nfYoZpHAckmeQVYV_88n7EF9T_c0qQNBvV8ME-c83AZUMEVRM1pVVEczSk1JUFg1ODdaSlBVTk9OUC4u"},"authentication":"@parameters('$authentication')"}}},"actions":{"Get_response_details":{"runAfter":{},"metadata":{"operationMetadataId":"6a096711-0ec3-4568-926f-2d3a23a46ed0"},"type":"OpenApiConnection","inputs":{"host":{"apiId":"/providers/Microsoft.PowerApps/apis/shared_microsoftforms","connectionName":"shared_microsoftforms","operationId":"GetFormResponseById"},"parameters":{"form_id":"nfYoZpHAckmeQVYV_88n7EF9T_c0qQNBvV8ME-c83AZUMEVRM1pVVEczSk1JUFg1ODdaSlBVTk9OUC4u","response_id":"@triggerOutputs()?['body/resourceData/responseId']"},"authentication":"@parameters('$authentication')"}},"Send_an_email_(V2)":{"runAfter":{"Get_response_details":["Succeeded"]},"metadata":{"operationMetadataId":"39919272-28a3-435b-96e3-b0fb391442f0"},"type":"OpenApiConnection","inputs":{"host":{"apiId":"/providers/Microsoft.PowerApps/apis/shared_office365","connectionName":"shared_office365","operationId":"SendEmailV2"},"parameters":{"emailMessage/To":"mdymtriiev@dldc.org","emailMessage/Subject":"@triggerOutputs()?['body/resourceData/responseId']","emailMessage/Body":"<p>@{outputs('Get_response_details')?['body/r8f485c19fb6042d89f7cdffdf78fbae3']}<br>\n@{outputs('Get_response_details')?['body/rdf153ea2959a443f89e2091fee573123']}<br>\n@{outputs('Get_response_details')?['body/r2b62b8f61a2a4edfa80300f98b957d64']}<br>\n@{outputs('Get_response_details')?['body/rb3b3ddde9f5946b8ba36bdfe8a6dfc0f']}<br>\n</p>","emailMessage/Importance":"Normal"},"authentication":"@parameters('$authentication')"}}}},"connectionReferences":{"shared_microsoftforms":{"connectionName":"shared-microsoftform-a26873d5-0b3c-4834-8440-f3d55c9c9b0a","source":"Embedded","id":"/providers/Microsoft.PowerApps/apis/shared_microsoftforms","tier":"NotSpecified"},"shared_office365":{"connectionName":"6e996dbeecb34b65a0b1cbab1061a46a","source":"Embedded","id":"/providers/Microsoft.PowerApps/apis/shared_office365","tier":"NotSpecified"}},"flowFailureAlertSubscribed":false,"isManaged":false}}