{"name":"5aa151a9-d81a-4687-9f1f-0d8103e782a3","id":"/providers/Microsoft.Flow/flows/5aa151a9-d81a-4687-9f1f-0d8103e782a3","type":"Microsoft.Flow/flows","properties":{"apiId":"/providers/Microsoft.PowerApps/apis/shared_logicflows","displayName":"Alert Maksym to a new product","definition":{"metadata":{"workflowEntityId":null,"processAdvisorMetadata":null,"flowChargedByPaygo":null,"flowclientsuspensionreason":"None","flowclientsuspensiontime":null,"flowclientsuspensionreasondetails":null,"creator":{"id":"f74f7d41-a934-4103-bd5f-0c13e73cdc06","type":"User","tenantId":"6628f69d-c091-4972-9e41-5615ffcf27ec"},"provisioningMethod":"FromDefinition","failureAlertSubscription":true,"clientLastModifiedTime":"2024-05-31T16:15:30.0688153Z","connectionKeySavedTimeKey":"2024-05-31T16:15:30.0688153Z"},"$schema":"https://schema.management.azure.com/providers/Microsoft.Logic/schemas/2016-06-01/workflowdefinition.json#","contentVersion":"1.0.0.0","parameters":{"$connections":{"defaultValue":{},"type":"Object"},"$authentication":{"defaultValue":{},"type":"SecureObject"}},"triggers":{"When_an_item_is_created":{"recurrence":{"frequency":"Minute","interval":1},"splitOn":"@triggerOutputs()?['body/value']","metadata":{"operationMetadataId":"783acc81-0ecf-454d-8ac4-61e3168e91f3"},"type":"OpenApiConnection","inputs":{"host":{"apiId":"/providers/Microsoft.PowerApps/apis/shared_sharepointonline","connectionName":"shared_sharepointonline","operationId":"GetOnNewItems"},"parameters":{"dataset":"https://dldc.sharepoint.com","table":"1cd57b06-b7e2-407d-b18f-e55289f4787a"},"authentication":"@parameters('$authentication')"}}},"actions":{"Send_an_email_(V2)":{"runAfter":{},"metadata":{"operationMetadataId":"60c47bf6-c724-49d9-b680-2aa791e6fc89"},"type":"OpenApiConnection","inputs":{"host":{"apiId":"/providers/Microsoft.PowerApps/apis/shared_office365","connectionName":"shared_office365","operationId":"SendEmailV2"},"parameters":{"emailMessage/To":"mdymtriiev@dldc.org","emailMessage/Subject":"A new product is available","emailMessage/Body":"<p>Title:@{triggerOutputs()?['body/Title']}</p>","emailMessage/Importance":"Normal"},"authentication":"@parameters('$authentication')"}}},"outputs":{}},"connectionReferences":{"shared_sharepointonline":{"connectionName":"38cb66ce397840a0a9db5aabada91e12","source":"Embedded","id":"/providers/Microsoft.PowerApps/apis/shared_sharepointonline","tier":"NotSpecified"},"shared_office365":{"connectionName":"6e996dbeecb34b65a0b1cbab1061a46a","source":"Embedded","id":"/providers/Microsoft.PowerApps/apis/shared_office365","tier":"NotSpecified"}},"flowFailureAlertSubscribed":false,"isManaged":false}}