{"name":"17b2cca4-5cd2-45f1-998b-7f679f7babfc","id":"/providers/Microsoft.Flow/flows/17b2cca4-5cd2-45f1-998b-7f679f7babfc","type":"Microsoft.Flow/flows","properties":{"apiId":"/providers/Microsoft.PowerApps/apis/shared_logicflows","displayName":"When a file is created (properties only) -> Convert file,Create fil...","definition":{"metadata":{"workflowEntityId":null,"processAdvisorMetadata":null,"flowChargedByPaygo":null,"flowclientsuspensionreason":"None","flowclientsuspensiontime":null,"flowclientsuspensionreasondetails":null,"creator":{"id":"f74f7d41-a934-4103-bd5f-0c13e73cdc06","type":"User","tenantId":"6628f69d-c091-4972-9e41-5615ffcf27ec"},"provisioningMethod":"FromDefinition","failureAlertSubscription":true,"clientLastModifiedTime":"2024-05-22T21:25:15.9949024Z","connectionKeySavedTimeKey":"2024-05-22T21:25:15.9949024Z"},"$schema":"https://schema.management.azure.com/providers/Microsoft.Logic/schemas/2016-06-01/workflowdefinition.json#","contentVersion":"1.0.0.0","parameters":{"$authentication":{"defaultValue":{},"type":"SecureObject"},"$connections":{"defaultValue":{},"type":"Object"}},"triggers":{"When_a_file_is_created_(properties_only)":{"recurrence":{"frequency":"Minute","interval":1},"splitOn":"@triggerOutputs()?['body']","metadata":{"6e202211-2856-4d17-9ded-5beb8b8626b0":"/","b!l6Ctx8cnhkqngMffrhX_zBCRkcsZkrxMv8RJHquJRUFbulT8YEomSaWGp49UFoVq.01LDTEOKXCFIMG6DR6HJHK66F347W4YTDF":"/Convert"},"type":"OpenApiConnection","inputs":{"parameters":{"folderId":"b!l6Ctx8cnhkqngMffrhX_zBCRkcsZkrxMv8RJHquJRUFbulT8YEomSaWGp49UFoVq.01LDTEOKXCFIMG6DR6HJHK66F347W4YTDF"},"host":{"apiId":"/providers/Microsoft.PowerApps/apis/shared_onedriveforbusiness","connectionName":"shared_onedriveforbusiness","operationId":"OnNewFilesV2"},"authentication":"@parameters('$authentication')"}}},"actions":{"Convert_file":{"runAfter":{},"type":"OpenApiConnection","inputs":{"parameters":{"id":"@triggerOutputs()?['body/Id']","type":"PDF"},"host":{"apiId":"/providers/Microsoft.PowerApps/apis/shared_onedriveforbusiness","connectionName":"shared_onedriveforbusiness-1","operationId":"ConvertFile"},"authentication":"@parameters('$authentication')"}},"Create_file":{"runAfter":{"Convert_file":["Succeeded"]},"type":"OpenApiConnection","inputs":{"parameters":{"dataset":"https://dldc.sharepoint.com/sites/IndividualSupportsPortal","folderPath":"/images","name":"@outputs('Convert_file')?['headers/x-ms-file-name']","body":"@body('Convert_file')"},"host":{"apiId":"/providers/Microsoft.PowerApps/apis/shared_sharepointonline","connectionName":"shared_sharepointonline","operationId":"CreateFile"},"authentication":"@parameters('$authentication')"},"runtimeConfiguration":{"contentTransfer":{"transferMode":"Chunked"}}},"Post_message_in_a_chat_or_channel":{"runAfter":{"Create_file":["Succeeded"]},"type":"OpenApiConnection","inputs":{"parameters":{"poster":"User","location":"Group chat","body/recipient":"19:meeting_Yzk2YzExNWYtYWIzZC00YzYzLWI1ZmQtMTI5ZWE3N2E1ODg3@thread.v2","body/messageBody":"<p>@{outputs('Create_file')?['body/Name']}Converted to PDF</p>"},"host":{"apiId":"/providers/Microsoft.PowerApps/apis/shared_teams","connectionName":"shared_teams","operationId":"PostMessageToConversation"},"authentication":"@parameters('$authentication')"}}},"outputs":{}},"connectionReferences":{"shared_onedriveforbusiness":{"connectionName":"shared-onedriveforbu-b4b649db-e7ec-468c-888a-823ceb64b4c9","source":"Embedded","id":"/providers/Microsoft.PowerApps/apis/shared_onedriveforbusiness","tier":"NotSpecified"},"shared_onedriveforbusiness-1":{"connectionName":"37283bd99cd04af0804e0f29176b0355","source":"Embedded","id":"/providers/Microsoft.PowerApps/apis/shared_onedriveforbusiness","tier":"NotSpecified"},"shared_sharepointonline":{"connectionName":"38cb66ce397840a0a9db5aabada91e12","source":"Embedded","id":"/providers/Microsoft.PowerApps/apis/shared_sharepointonline","tier":"NotSpecified"},"shared_teams":{"connectionName":"shared-teams-a531873a-2274-40b5-ba8f-3b0cd5e75d98","source":"Embedded","id":"/providers/Microsoft.PowerApps/apis/shared_teams","tier":"NotSpecified"}},"flowFailureAlertSubscribed":false,"isManaged":false}}