{"name":"67615d23-6216-4e32-b18b-1872cc6dcf77","id":"/providers/Microsoft.Flow/flows/67615d23-6216-4e32-b18b-1872cc6dcf77","type":"Microsoft.Flow/flows","properties":{"apiId":"/providers/Microsoft.PowerApps/apis/shared_logicflows","displayName":"New Folder","definition":{"metadata":{"workflowEntityId":null,"processAdvisorMetadata":null,"flowChargedByPaygo":null,"flowclientsuspensionreason":"None","flowclientsuspensiontime":null,"flowclientsuspensionreasondetails":null,"creator":{"id":"f74f7d41-a934-4103-bd5f-0c13e73cdc06","type":"User","tenantId":"6628f69d-c091-4972-9e41-5615ffcf27ec"},"provisioningMethod":"FromDefinition","failureAlertSubscription":true,"clientLastModifiedTime":"2024-07-16T11:47:59.7434346Z","connectionKeySavedTimeKey":"2024-07-16T11:47:59.7434346Z"},"$schema":"https://schema.management.azure.com/providers/Microsoft.Logic/schemas/2016-06-01/workflowdefinition.json#","contentVersion":"1.0.0.0","parameters":{"$connections":{"defaultValue":{},"type":"Object"},"$authentication":{"defaultValue":{},"type":"SecureObject"}},"triggers":{"manual":{"metadata":{"operationMetadataId":"dc6105b1-067f-40fc-8023-c956750d4139"},"type":"Request","kind":"Button","inputs":{"schema":{"type":"object","properties":{},"required":[]}}}},"actions":{"Get_file_content":{"runAfter":{},"metadata":{"b!l6Ctx8cnhkqngMffrhX_zBCRkcsZkrxMv8RJHquJRUFbulT8YEomSaWGp49UFoVq.01LDTEOKWBVMRBXQ37CRAJZPFZ5GGVMZGL":"/CreatingNewFolder/Contacts to close.xlsx","operationMetadataId":"a7e15bb9-c6ce-4d36-bbb7-052875b3a24d"},"type":"OpenApiConnection","inputs":{"host":{"apiId":"/providers/Microsoft.PowerApps/apis/shared_onedriveforbusiness","connectionName":"shared_onedriveforbusiness","operationId":"GetFileContent"},"parameters":{"id":"b!l6Ctx8cnhkqngMffrhX_zBCRkcsZkrxMv8RJHquJRUFbulT8YEomSaWGp49UFoVq.01LDTEOKWBVMRBXQ37CRAJZPFZ5GGVMZGL","inferContentType":true},"authentication":{"value":"@json(decodeBase64(triggerOutputs().headers['X-MS-APIM-Tokens']))['$ConnectionKey']","type":"Raw"}}},"Initialize_variable":{"runAfter":{"Get_file_content":["Succeeded"]},"metadata":{"operationMetadataId":"af8e7800-5de0-4945-9b7a-8ab3eb3f7469"},"type":"InitializeVariable","inputs":{"variables":[{"name":"FolderName","type":"string","value":"@{formatDateTime(utcNow(),'yyyyMMdd')}"}]}},"Create_file":{"runAfter":{"Initialize_variable":["Succeeded"]},"metadata":{"operationMetadataId":"829f1f53-186a-4180-bb70-6d3063001999"},"type":"OpenApiConnection","inputs":{"host":{"apiId":"/providers/Microsoft.PowerApps/apis/shared_onedriveforbusiness","connectionName":"shared_onedriveforbusiness","operationId":"CreateFile"},"parameters":{"folderPath":"/CreatingNewFolder/BackUp/@{variables('FolderName')}","name":"NewFile.csv","body":"@body('Get_file_content')"},"authentication":{"value":"@json(decodeBase64(triggerOutputs().headers['X-MS-APIM-Tokens']))['$ConnectionKey']","type":"Raw"}},"runtimeConfiguration":{"contentTransfer":{"transferMode":"Chunked"}}}}},"connectionReferences":{"shared_onedriveforbusiness":{"connectionName":"37283bd99cd04af0804e0f29176b0355","source":"Invoker","id":"/providers/Microsoft.PowerApps/apis/shared_onedriveforbusiness","tier":"NotSpecified"}},"flowFailureAlertSubscribed":false,"isManaged":false}}