{"name":"47b35360-7983-49af-9f47-ee861363bfcc","id":"/providers/Microsoft.Flow/flows/47b35360-7983-49af-9f47-ee861363bfcc","type":"Microsoft.Flow/flows","properties":{"apiId":"/providers/Microsoft.PowerApps/apis/shared_logicflows","displayName":"Send a digest email of all outstanding Planner tasks","definition":{"metadata":{"workflowEntityId":null,"processAdvisorMetadata":null,"flowChargedByPaygo":null,"flowclientsuspensionreason":"None","flowclientsuspensiontime":null,"flowclientsuspensionreasondetails":null,"creator":{"id":"f74f7d41-a934-4103-bd5f-0c13e73cdc06","type":"User","tenantId":"6628f69d-c091-4972-9e41-5615ffcf27ec"},"provisioningMethod":"FromDefinition","failureAlertSubscription":true,"clientLastModifiedTime":"2024-05-22T21:43:57.3990816Z","connectionKeySavedTimeKey":"2024-05-22T21:43:57.3990816Z"},"$schema":"https://schema.management.azure.com/providers/Microsoft.Logic/schemas/2016-06-01/workflowdefinition.json#","contentVersion":"1.0.0.0","parameters":{"$connections":{"defaultValue":{},"type":"Object"},"$authentication":{"defaultValue":{},"type":"SecureObject"}},"triggers":{"Recurrence":{"recurrence":{"frequency":"Week","interval":1,"schedule":{"weekDays":["Monday"],"hours":["8"]}},"metadata":{"operationMetadataId":"b4618ddb-a693-40e5-9521-1250677fcf35"},"type":"Recurrence"}},"actions":{"List_my_tasks":{"runAfter":{},"metadata":{"operationMetadataId":"39cc2002-2c70-47a6-9bc5-e1dc5b88180d"},"type":"OpenApiConnection","inputs":{"host":{"apiId":"/providers/Microsoft.PowerApps/apis/shared_planner","connectionName":"shared_planner","operationId":"ListMyTasks_V2"},"parameters":{},"authentication":"@parameters('$authentication')"}},"Filter_array":{"runAfter":{"List_my_tasks":["Succeeded"]},"metadata":{"operationMetadataId":"442bc5a0-16af-4913-9942-fd77c302fc6b"},"type":"Query","inputs":{"from":"@outputs('List_my_tasks')?['body/value']","where":"@not(equals(item()?['percentComplete'], int(100)))"}},"Select":{"runAfter":{"Filter_array":["Succeeded"]},"metadata":{"operationMetadataId":"150ad6a5-06e6-48bd-9f18-53a2fbf14606"},"type":"Select","inputs":{"from":"@body('Filter_array')","select":{"Title":"@item()?['title']","Percent Complete":"@item()?['percentComplete']","Due Date":"@item()?['dueDateTime']"}}},"Create_HTML_table":{"runAfter":{"Select":["Succeeded"]},"metadata":{"operationMetadataId":"502b5d80-8677-4e8c-b2d4-bf1d32ba0c4b"},"type":"Table","inputs":{"from":"@body('Select')","format":"HTML"}},"Get_my_profile_(V2)":{"runAfter":{"Create_HTML_table":["Succeeded"]},"metadata":{"operationMetadataId":"f17643da-26e3-4279-9ee4-34d02fb8b731"},"type":"OpenApiConnection","inputs":{"host":{"apiId":"/providers/Microsoft.PowerApps/apis/shared_office365users","connectionName":"shared_office365users","operationId":"MyProfile_V2"},"parameters":{"$select":"Mail"},"authentication":"@parameters('$authentication')"}},"Send_an_email":{"runAfter":{"Get_my_profile_(V2)":["Succeeded"]},"metadata":{"operationMetadataId":"88612a73-152e-4fb3-936f-18571661952c"},"type":"OpenApiConnection","inputs":{"host":{"apiId":"/providers/Microsoft.PowerApps/apis/shared_office365","connectionName":"shared_office365","operationId":"SendEmailV2"},"parameters":{"emailMessage/To":"@{outputs('Get_my_profile_(V2)')?['body/mail']};","emailMessage/Subject":"Tasks I need to do","emailMessage/Body":"<html>\n<head>\n  <style> \ntable {\n    font-family: \"Times New Roman\", Times, serif;\n    border-collapse: collapse;\n    width: 100%;\n}\ntd, th {\n    border: 1px solid #ddd;\n    padding: 4px;\n}\ntr:nth-child(even){background-color: #f2f2f2;}\nth {\n    padding-top: 8px;\n    padding-bottom: 8px;\n    text-align: left;\n    background-color: #3399ff;\n    color: white;\n}\n  </style>\n</head>\n<body>\n@{body('Create_HTML_table')}\n</body>\n</html>"},"authentication":"@parameters('$authentication')"}}},"outputs":{},"description":"Send a digest email of all outstanding Planner tasks."},"connectionReferences":{"shared_planner":{"connectionName":"shared-planner-56b6dae2-d457-443d-89d3-209b13e69abf","source":"Embedded","id":"/providers/Microsoft.PowerApps/apis/shared_planner","tier":"NotSpecified"},"shared_office365users":{"connectionName":"5d9922f5b51942fa9d2cb8c49152c7ff","source":"Embedded","id":"/providers/Microsoft.PowerApps/apis/shared_office365users","tier":"NotSpecified"},"shared_office365":{"connectionName":"6e996dbeecb34b65a0b1cbab1061a46a","source":"Embedded","id":"/providers/Microsoft.PowerApps/apis/shared_office365","tier":"NotSpecified"}},"flowFailureAlertSubscribed":false,"isManaged":false}}