{"name":"e1fc3b12-aa12-48a2-977b-f2a62f8ff30f","id":"/providers/Microsoft.Flow/flows/e1fc3b12-aa12-48a2-977b-f2a62f8ff30f","type":"Microsoft.Flow/flows","properties":{"apiId":"/providers/Microsoft.PowerApps/apis/shared_logicflows","displayName":"When a file is created -> Send an email (V2)","definition":{"metadata":{"workflowEntityId":null,"processAdvisorMetadata":null,"flowChargedByPaygo":null,"flowclientsuspensionreason":"None","flowclientsuspensiontime":null,"flowclientsuspensionreasondetails":null,"creator":{"id":"f74f7d41-a934-4103-bd5f-0c13e73cdc06","type":"User","tenantId":"6628f69d-c091-4972-9e41-5615ffcf27ec"},"provisioningMethod":"FromDefinition","failureAlertSubscription":true,"clientLastModifiedTime":"2024-05-23T19:44:16.1186766Z","connectionKeySavedTimeKey":"2024-05-23T19:44:16.1186766Z"},"$schema":"https://schema.management.azure.com/providers/Microsoft.Logic/schemas/2016-06-01/workflowdefinition.json#","contentVersion":"1.0.0.0","parameters":{"$connections":{"defaultValue":{},"type":"Object"},"$authentication":{"defaultValue":{},"type":"SecureObject"}},"triggers":{"When_a_file_is_created":{"recurrence":{"frequency":"Minute","interval":1},"metadata":{"b!l6Ctx8cnhkqngMffrhX_zBCRkcsZkrxMv8RJHquJRUFbulT8YEomSaWGp49UFoVq.01LDTEOKXCFIMG6DR6HJHK66F347W4YTDF":"/Convert","operationMetadataId":"96408c93-2040-41c8-a9e3-67e0844e6348"},"type":"OpenApiConnection","inputs":{"host":{"apiId":"/providers/Microsoft.PowerApps/apis/shared_onedriveforbusiness","connectionName":"shared_onedriveforbusiness","operationId":"OnNewFileV2"},"parameters":{"folderId":"b!l6Ctx8cnhkqngMffrhX_zBCRkcsZkrxMv8RJHquJRUFbulT8YEomSaWGp49UFoVq.01LDTEOKXCFIMG6DR6HJHK66F347W4YTDF","includeSubfolders":false,"inferContentType":true},"authentication":"@parameters('$authentication')"}}},"actions":{"Send_an_email_(V2)":{"runAfter":{},"metadata":{"operationMetadataId":"23cd59fa-b322-4da7-88f8-5d10100e370f"},"type":"OpenApiConnection","inputs":{"host":{"apiId":"/providers/Microsoft.PowerApps/apis/shared_office365","connectionName":"shared_office365","operationId":"SendEmailV2"},"parameters":{"emailMessage/To":"mdymtriiev@dldc.org","emailMessage/Subject":"file created","emailMessage/Body":"<p>New file</p>","emailMessage/Importance":"Normal"},"authentication":"@parameters('$authentication')"}}},"outputs":{}},"connectionReferences":{"shared_onedriveforbusiness":{"connectionName":"37283bd99cd04af0804e0f29176b0355","source":"Embedded","id":"/providers/Microsoft.PowerApps/apis/shared_onedriveforbusiness","tier":"NotSpecified"},"shared_office365":{"connectionName":"6e996dbeecb34b65a0b1cbab1061a46a","source":"Embedded","id":"/providers/Microsoft.PowerApps/apis/shared_office365","tier":"NotSpecified"}},"flowFailureAlertSubscribed":false,"isManaged":false}}