{"name":"df2298e3-2a06-4551-aeaa-fa4b2ba88e23","id":"/providers/Microsoft.Flow/flows/df2298e3-2a06-4551-aeaa-fa4b2ba88e23","type":"Microsoft.Flow/flows","properties":{"apiId":"/providers/Microsoft.PowerApps/apis/shared_logicflows","displayName":"General Project Report","definition":{"metadata":{"workflowEntityId":null,"processAdvisorMetadata":null,"flowChargedByPaygo":null,"flowclientsuspensionreason":"None","flowclientsuspensiontime":null,"flowclientsuspensionreasondetails":null,"creator":{"id":"f74f7d41-a934-4103-bd5f-0c13e73cdc06","type":"User","tenantId":"6628f69d-c091-4972-9e41-5615ffcf27ec"},"provisioningMethod":"FromDefinition","failureAlertSubscription":true,"clientLastModifiedTime":"2024-06-15T11:05:50.3900304Z","connectionKeySavedTimeKey":"2024-06-15T11:05:50.3900304Z"},"$schema":"https://schema.management.azure.com/providers/Microsoft.Logic/schemas/2016-06-01/workflowdefinition.json#","contentVersion":"1.0.0.0","parameters":{"$connections":{"defaultValue":{},"type":"Object"},"$authentication":{"defaultValue":{},"type":"SecureObject"}},"triggers":{"manual":{"splitOn":"@triggerBody()['rows']","metadata":{"operationMetadataId":"c945e002-ce58-49f0-82eb-2e4ee0e62346"},"type":"Request","kind":"ApiConnection","inputs":{"schema":{"type":"object","properties":{"rows":{"type":"array","items":{"type":"object","properties":{"text":{"title":"Notes","type":"string","x-ms-dynamically-added":true,"description":"Please enter your input","x-ms-content-hint":"TEXT"},"entity":{"type":"object","properties":{"ID":{"title":"ID","type":"integer","format":"int64"}},"required":["ID"]}},"required":["text","entity"]}}},"required":["rows"]},"host":{"connection":{"name":"@parameters('$connections')['shared_sharepointonline']['connectionId']"},"api":{"runtimeUrl":"https://flow-apim-europe-001-westeurope-01.azure-apim.net/apim/sharepointonline"}},"operationId":"GetItemHybridTriggerSchema","parameters":{"dataset":"https://dldc-my.sharepoint.com/personal/mdymtriiev_dldc_org/_layouts/","table":"d3d66bfe-74b2-4db5-abe5-69420ce60f74"},"headersSchema":{"x-ms-user-email-encoded":{"title":"User email","type":"string","format":"byte","x-ms-dynamically-added":false}}}}},"actions":{"Get_item":{"runAfter":{},"metadata":{"operationMetadataId":"aa62c9ff-1955-4708-8ba4-8b4e797be439"},"type":"OpenApiConnection","inputs":{"host":{"apiId":"/providers/Microsoft.PowerApps/apis/shared_sharepointonline","connectionName":"shared_sharepointonline","operationId":"GetItem"},"parameters":{"dataset":"https://dldc-my.sharepoint.com/personal/mdymtriiev_dldc_org/_layouts/","table":"d3d66bfe-74b2-4db5-abe5-69420ce60f74","id":"@triggerBody()?['entity']?['ID']"},"authentication":{"value":"@json(decodeBase64(triggerOutputs().headers['X-MS-APIM-Tokens']))['$ConnectionKey']","type":"Raw"}}},"Get_items(Get_tasks)":{"runAfter":{"Get_item":["Succeeded"]},"metadata":{"operationMetadataId":"9f5c5da9-006d-4903-abd5-b404e0aab69d"},"type":"OpenApiConnection","inputs":{"host":{"apiId":"/providers/Microsoft.PowerApps/apis/shared_sharepointonline","connectionName":"shared_sharepointonline","operationId":"GetItems"},"parameters":{"dataset":"https://dldc-my.sharepoint.com/personal/mdymtriiev_dldc_org/_layouts/","table":"563a2463-79a6-49b5-9aa6-26e236ace8d3","$filter":"ProjectLookup/Title eq '@{outputs('Get_item')?['body/Title']}'"},"authentication":{"value":"@json(decodeBase64(triggerOutputs().headers['X-MS-APIM-Tokens']))['$ConnectionKey']","type":"Raw"}}},"Populate_a_Microsoft_Word_template":{"runAfter":{"Select":["Succeeded"]},"metadata":{"01LDTEOKQHE43T3J4B3RBLQYVPEZ2JF56P":"/CreatePDFformWord/ProjectReportTemplate.docx","operationMetadataId":"5dda78e1-0b31-4f30-b993-527bf0105df2"},"type":"OpenApiConnection","inputs":{"host":{"apiId":"/providers/Microsoft.PowerApps/apis/shared_wordonlinebusiness","connectionName":"shared_wordonlinebusiness","operationId":"CreateFileItem"},"parameters":{"source":"me","drive":"b!l6Ctx8cnhkqngMffrhX_zBCRkcsZkrxMv8RJHquJRUFbulT8YEomSaWGp49UFoVq","file":"01LDTEOKQHE43T3J4B3RBLQYVPEZ2JF56P","dynamicFileSchema/158819490":"@outputs('Get_item')?['body/Title']","dynamicFileSchema/767364398":"@formatDateTime(utcNow(), 'MM/dd/yyyy')","dynamicFileSchema/1995220167":"@triggerBody()['text']","dynamicFileSchema/-528953280":"@outputs('Get_item')?['body/Title']","dynamicFileSchema/-1134792930":"@outputs('Get_item')?['body/ProjectManager/DisplayName']","dynamicFileSchema/-1306154600":"@outputs('Get_item')?['body/Status/Value']","dynamicFileSchema/-1426262455":"@body('Select')"},"authentication":"@parameters('$authentication')"}},"Select":{"runAfter":{"Get_items(Get_tasks)":["Succeeded"]},"metadata":{"operationMetadataId":"af2257f8-1953-497c-aaec-aca6ac73244d"},"type":"Select","inputs":{"from":"@outputs('Get_items(Get_tasks)')?['body/value']","select":{"TaskName":"@item()?['Title']","TaskStatus":"@item()?['TaskStatus']","TaskDueDate":"@item()?['DueDate']","TaskPriority":"@item()?['Priority/Value']"}}},"Create_file":{"runAfter":{"Populate_a_Microsoft_Word_template":["Succeeded"]},"metadata":{"operationMetadataId":"ebd95c64-f2ef-47d0-8f95-4e50503e4aab"},"type":"OpenApiConnection","inputs":{"host":{"apiId":"/providers/Microsoft.PowerApps/apis/shared_onedriveforbusiness","connectionName":"shared_onedriveforbusiness","operationId":"CreateFile"},"parameters":{"folderPath":"/CreatePDFformWord","name":"@{outputs('Get_item')?['body/Title']}_@{utcNow()}","body":"@body('Populate_a_Microsoft_Word_template')"},"authentication":"@parameters('$authentication')"},"runtimeConfiguration":{"contentTransfer":{"transferMode":"Chunked"}}},"Convert_Word_Document_to_PDF":{"runAfter":{"Create_file":["Succeeded"]},"metadata":{"operationMetadataId":"9f727a22-2c2f-4f6e-bd7a-2bee6a4ce8e5"},"type":"OpenApiConnection","inputs":{"host":{"apiId":"/providers/Microsoft.PowerApps/apis/shared_wordonlinebusiness","connectionName":"shared_wordonlinebusiness","operationId":"GetFilePDF"},"parameters":{"source":"me","drive":"b!l6Ctx8cnhkqngMffrhX_zBCRkcsZkrxMv8RJHquJRUFbulT8YEomSaWGp49UFoVq","file":"@outputs('Create_file')?['body/Path']"},"authentication":"@parameters('$authentication')"}},"Send_an_email_(V2)":{"runAfter":{"Convert_Word_Document_to_PDF":["Succeeded"]},"metadata":{"operationMetadataId":"01cd7724-511a-4ec2-8e13-28dc734212f5"},"type":"OpenApiConnection","inputs":{"host":{"apiId":"/providers/Microsoft.PowerApps/apis/shared_office365","connectionName":"shared_office365","operationId":"SendEmailV2"},"parameters":{"emailMessage/To":"@triggerOutputs()['headers']['x-ms-user-email-encoded']","emailMessage/Subject":"Project Report for @{outputs('Get_item')?['body/Title']}","emailMessage/Body":"<p>Please find attached the report.</p>","emailMessage/Attachments":[{"Name":"@{outputs('Get_item')?['body/Title']}.pdf","ContentBytes":"@body('Convert_Word_Document_to_PDF')"}],"emailMessage/Importance":"Normal"},"authentication":{"value":"@json(decodeBase64(triggerOutputs().headers['X-MS-APIM-Tokens']))['$ConnectionKey']","type":"Raw"}}}}},"connectionReferences":{"shared_sharepointonline":{"connectionName":"38cb66ce397840a0a9db5aabada91e12","source":"Invoker","id":"/providers/Microsoft.PowerApps/apis/shared_sharepointonline","tier":"NotSpecified"},"shared_wordonlinebusiness":{"connectionName":"shared-wordonlinebus-e73ae5c3-3820-443f-a4a3-3ab446f8957e","source":"Embedded","id":"/providers/Microsoft.PowerApps/apis/shared_wordonlinebusiness","tier":"NotSpecified"},"shared_onedriveforbusiness":{"connectionName":"37283bd99cd04af0804e0f29176b0355","source":"Embedded","id":"/providers/Microsoft.PowerApps/apis/shared_onedriveforbusiness","tier":"NotSpecified"},"shared_office365":{"connectionName":"6e996dbeecb34b65a0b1cbab1061a46a","source":"Invoker","id":"/providers/Microsoft.PowerApps/apis/shared_office365","tier":"NotSpecified"}},"flowFailureAlertSubscribed":false,"isManaged":false}}