{"name":"30bcc9d3-6e19-4870-9718-d8eba9fbc992","id":"/providers/Microsoft.Flow/flows/30bcc9d3-6e19-4870-9718-d8eba9fbc992","type":"Microsoft.Flow/flows","properties":{"apiId":"/providers/Microsoft.PowerApps/apis/shared_logicflows","displayName":"Update_Exel_To_SP","definition":{"metadata":{"workflowEntityId":null,"processAdvisorMetadata":null,"flowChargedByPaygo":null,"flowclientsuspensionreason":"None","flowclientsuspensiontime":null,"flowclientsuspensionreasondetails":null,"creator":{"id":"f74f7d41-a934-4103-bd5f-0c13e73cdc06","type":"User","tenantId":"6628f69d-c091-4972-9e41-5615ffcf27ec"},"provisioningMethod":"FromDefinition","failureAlertSubscription":true,"clientLastModifiedTime":"2024-06-09T11:49:25.4808701Z","connectionKeySavedTimeKey":"2024-06-09T11:49:25.4808701Z"},"$schema":"https://schema.management.azure.com/providers/Microsoft.Logic/schemas/2016-06-01/workflowdefinition.json#","contentVersion":"1.0.0.0","parameters":{"$connections":{"defaultValue":{},"type":"Object"},"$authentication":{"defaultValue":{},"type":"SecureObject"}},"triggers":{"Recurrence":{"recurrence":{"frequency":"Day","interval":1,"startTime":"2024-06-04T07:00:00.000Z"},"metadata":{"operationMetadataId":"63de541a-c162-427c-a498-78276ddc16f4"},"type":"Recurrence"}},"actions":{"Get_files_(properties_only)":{"runAfter":{},"metadata":{"operationMetadataId":"e65e558c-3a02-4a71-857c-1d5ad53d984b"},"type":"OpenApiConnection","inputs":{"host":{"apiId":"/providers/Microsoft.PowerApps/apis/shared_sharepointonline","connectionName":"shared_sharepointonline","operationId":"GetFileItems"},"parameters":{"dataset":"https://dldc.sharepoint.com/sites/sicapgoal2186/","table":"40e6999a-cf72-4871-baa6-2a47b82f996b","$filter":"Status eq 'New'"},"authentication":"@parameters('$authentication')"}},"Apply_to_each":{"foreach":"@outputs('Get_files_(properties_only)')?['body/value']","actions":{"Apply_to_each_row":{"foreach":"@outputs('List_rows_present_in_a_table')?['body/value']","actions":{"Select_Tools":{"runAfter":{},"metadata":{"operationMetadataId":"a6ee6bc5-c3bc-4bf5-a398-850d90e9fb98"},"type":"Select","inputs":{"from":"@split(item()?['Tools'],';')","select":{"Value":"@item()"}}},"Select_SubCons":{"runAfter":{"Select_Tools":["Succeeded"]},"metadata":{"operationMetadataId":"25948105-55ea-4d53-8e74-da78c932fc26"},"type":"Select","inputs":{"from":"@split(item()?['SubCons'],';')","select":{"Claims":"@item()"}}},"Filter_array":{"runAfter":{"Select_SubCons":["Succeeded"]},"metadata":{"operationMetadataId":"15e43efb-ce36-4fbc-b0b7-7dfbf2123fa9"},"type":"Query","inputs":{"from":"@outputs('Get_JobTypes')?['body/value']","where":"@equals(item()?['Title'], items('Apply_to_each_row')?['Job Type'])"}},"Get_items":{"runAfter":{"Filter_array":["Succeeded"]},"metadata":{"operationMetadataId":"99a0457e-884b-4104-94f2-5defd751b8eb"},"type":"OpenApiConnection","inputs":{"host":{"apiId":"/providers/Microsoft.PowerApps/apis/shared_sharepointonline","connectionName":"shared_sharepointonline","operationId":"GetItems"},"parameters":{"dataset":"https://dldc-my.sharepoint.com/personal/mdymtriiev_dldc_org/","table":"fbf62a3e-99a3-47a0-b0fa-0131e07ebaa3","$filter":"JobID eq '@{item()?['JobID']}'"},"authentication":"@parameters('$authentication')"}},"Condition":{"actions":{"Create_item":{"runAfter":{},"metadata":{"operationMetadataId":"c86646fe-7e58-47fc-8f2d-ad32887aa37a"},"type":"OpenApiConnection","inputs":{"host":{"apiId":"/providers/Microsoft.PowerApps/apis/shared_sharepointonline","connectionName":"shared_sharepointonline","operationId":"PostItem"},"parameters":{"dataset":"https://dldc-my.sharepoint.com/personal/mdymtriiev_dldc_org","table":"fbf62a3e-99a3-47a0-b0fa-0131e07ebaa3","item/Title":"@item()?['Title']","item/JobID":"@item()?['JobID']","item/JobType/Id":"@body('Filter_array')?[0]?['ID']","item/Engineer/Claims":"@item()?['Engineer']","item/JobStatus/Value":"@item()?['JobStatus']","item/Tools":"@body('Select_Tools')","item/SubCons":"@body('Select_SubCons')","item/JobSite/Value":"@item()?['JobSite']","item/DueDate":"@item()?['DueDate']","item/StartDate":"@item()?['StartDate UTC']","item/EndDate":"@item()?['EndDate']","item/Notes":"@item()?['Notes']","item/Info":"@item()?['Info']"},"authentication":"@parameters('$authentication')"}}},"runAfter":{"Get_items":["Succeeded"]},"else":{"actions":{"Update_item":{"runAfter":{},"metadata":{"operationMetadataId":"1010d91f-69d5-4cd3-bee7-4c5766a79d4f"},"type":"OpenApiConnection","inputs":{"host":{"apiId":"/providers/Microsoft.PowerApps/apis/shared_sharepointonline","connectionName":"shared_sharepointonline","operationId":"PatchItem"},"parameters":{"dataset":"https://dldc-my.sharepoint.com/personal/mdymtriiev_dldc_org","table":"fbf62a3e-99a3-47a0-b0fa-0131e07ebaa3","id":"@outputs('Get_items')?['body']?['value']?[0]?['ID']","item/Title":"@item()?['Title']","item/JobID":"@item()?['JobID']","item/JobType/Id":"@body('Filter_array')?[0]?['ID']","item/Engineer/Claims":"@item()?['Engineer']","item/JobStatus/Value":"@item()?['JobStatus']","item/Tools":"@body('Select_Tools')","item/SubCons":"@body('Select_SubCons')","item/JobSite/Value":"@item()?['JobSite']","item/DueDate":"@item()?['DueDate']","item/StartDate":"@item()?['']","item/EndDate":"@item()?['EndDate']","item/Notes":"@item()?['Notes']","item/Info":"@item()?['Info']"},"authentication":"@parameters('$authentication')"}}}},"expression":{"equals":["@length(outputs('Get_items')?['body/value'])",0]},"metadata":{"operationMetadataId":"e6c52fac-51fd-448e-87ab-5e737920783f"},"type":"If"}},"runAfter":{"List_rows_present_in_a_table":["Succeeded"]},"metadata":{"operationMetadataId":"5b282466-2d5d-4578-9e3a-e9a300928c5c"},"type":"Foreach","runtimeConfiguration":{"concurrency":{"repetitions":50}}},"Update_file_properties_2":{"runAfter":{"Delay":["Succeeded"]},"metadata":{"operationMetadataId":"917c1ac5-4eb4-4157-b542-6707f81b041a"},"type":"OpenApiConnection","inputs":{"host":{"apiId":"/providers/Microsoft.PowerApps/apis/shared_sharepointonline","connectionName":"shared_sharepointonline","operationId":"PatchFileItem"},"parameters":{"dataset":"https://dldc.sharepoint.com/sites/sicapgoal2186/","table":"40e6999a-cf72-4871-baa6-2a47b82f996b","id":"@items('Apply_to_each')?['ID']","item/Status/Value":"Completed"},"authentication":"@parameters('$authentication')"}},"Delay":{"runAfter":{"Apply_to_each_row":["Succeeded"]},"metadata":{"operationMetadataId":"2fab9cee-d713-46b1-b168-f350a6f29026"},"type":"Wait","inputs":{"interval":{"count":2,"unit":"Minute"}}},"Update_file_properties":{"runAfter":{},"metadata":{"operationMetadataId":"87f9ba5a-d7ec-475a-b05f-8c2186ece2ad"},"type":"OpenApiConnection","inputs":{"host":{"apiId":"/providers/Microsoft.PowerApps/apis/shared_sharepointonline","connectionName":"shared_sharepointonline","operationId":"PatchFileItem"},"parameters":{"dataset":"https://dldc.sharepoint.com/sites/sicapgoal2186/","table":"40e6999a-cf72-4871-baa6-2a47b82f996b","id":"@items('Apply_to_each')?['ID']","item/Status/Value":"InProgress"},"authentication":"@parameters('$authentication')"}},"List_rows_present_in_a_table":{"runAfter":{"Update_file_properties":["Succeeded"]},"metadata":{"operationMetadataId":"71add814-b611-4244-ac9d-6474b70f87e6","tableId":"JobTable"},"type":"OpenApiConnection","inputs":{"host":{"apiId":"/providers/Microsoft.PowerApps/apis/shared_excelonlinebusiness","connectionName":"shared_excelonlinebusiness","operationId":"GetItems"},"parameters":{"source":"https://dldc.sharepoint.com/sites/sicapgoal2186/","drive":"b!_JnmWVzB5E2gXO_i2iL6Vre8XsIItzxChEOLYYH17F2ameZAcs9xSLqmKke4L5lr","file":"@items('Apply_to_each')?['{FullPath}']","table":"JobTable","dateTimeFormat":"ISO 8601"},"authentication":"@parameters('$authentication')"},"runtimeConfiguration":{"paginationPolicy":{"minimumItemCount":10}}}},"runAfter":{"Get_JobTypes":["Succeeded"]},"metadata":{"operationMetadataId":"fb17bc58-c6db-4179-a3af-8ff0b1865214"},"type":"Foreach"},"Get_JobTypes":{"runAfter":{"Get_files_(properties_only)":["Succeeded"]},"metadata":{"operationMetadataId":"6e2b6158-3542-4a4d-ba13-f44562e3bb6a"},"type":"OpenApiConnection","inputs":{"host":{"apiId":"/providers/Microsoft.PowerApps/apis/shared_sharepointonline","connectionName":"shared_sharepointonline","operationId":"GetItems"},"parameters":{"dataset":"https://dldc-my.sharepoint.com/personal/mdymtriiev_dldc_org/","table":"f6dd2372-16f1-42ed-9aa4-f24f210ebeb3"},"authentication":"@parameters('$authentication')"}}}},"connectionReferences":{"shared_sharepointonline":{"connectionName":"38cb66ce397840a0a9db5aabada91e12","source":"Embedded","id":"/providers/Microsoft.PowerApps/apis/shared_sharepointonline","tier":"NotSpecified"},"shared_excelonlinebusiness":{"connectionName":"3618d1f2ff54454bb9063eec58fed94d","source":"Embedded","id":"/providers/Microsoft.PowerApps/apis/shared_excelonlinebusiness","tier":"NotSpecified"}},"flowFailureAlertSubscribed":false,"isManaged":false}}