{"name":"8383845b-f062-4a51-a4d5-881285939c95","id":"/providers/Microsoft.Flow/flows/8383845b-f062-4a51-a4d5-881285939c95","type":"Microsoft.Flow/flows","properties":{"apiId":"/providers/Microsoft.PowerApps/apis/shared_logicflows","displayName":"Send Report from Asset Management System","definition":{"metadata":{"workflowEntityId":null,"processAdvisorMetadata":null,"flowChargedByPaygo":null,"flowclientsuspensionreason":"None","flowclientsuspensiontime":null,"flowclientsuspensionreasondetails":null,"creator":{"id":"f74f7d41-a934-4103-bd5f-0c13e73cdc06","type":"User","tenantId":"6628f69d-c091-4972-9e41-5615ffcf27ec"},"provisioningMethod":"FromDefinition","failureAlertSubscription":true,"clientLastModifiedTime":"2024-06-12T20:19:01.94454Z","connectionKeySavedTimeKey":"2024-06-12T20:19:01.94454Z"},"$schema":"https://schema.management.azure.com/providers/Microsoft.Logic/schemas/2016-06-01/workflowdefinition.json#","contentVersion":"1.0.0.0","parameters":{"$connections":{"defaultValue":{},"type":"Object"},"$authentication":{"defaultValue":{},"type":"SecureObject"}},"triggers":{"manual":{"metadata":{"operationMetadataId":"d398a60b-43e2-4326-8f17-f9112da18a65"},"type":"Request","kind":"Button","inputs":{"schema":{"type":"object","properties":{"email":{"title":"Email","type":"string","format":"email","x-ms-dynamically-added":true,"description":"email","x-ms-content-hint":"EMAIL"},"text":{"title":"Status","type":"array","x-ms-dynamically-added":true,"description":"Please select Status(s)","items":{"enum":["Available","Reserved","In repair"],"type":"string"},"x-ms-content-hint":"TEXT"}},"required":["email","text"]}}}},"actions":{"Send_an_email_(V2)":{"runAfter":{"Compose(Style)":["Succeeded"]},"metadata":{"operationMetadataId":"7eda34f7-e108-49df-9a7e-d8416871f839"},"type":"OpenApiConnection","inputs":{"host":{"apiId":"/providers/Microsoft.PowerApps/apis/shared_office365","connectionName":"shared_office365","operationId":"SendEmailV2"},"parameters":{"emailMessage/To":"@triggerBody()['email']","emailMessage/Subject":"Asset Managment Report","emailMessage/Body":"<p>@{outputs('Compose(Style)')}@{join(variables('varHTML'), '')}</p>","emailMessage/Importance":"Normal"},"authentication":{"value":"@json(decodeBase64(triggerOutputs().headers['X-MS-APIM-Tokens']))['$ConnectionKey']","type":"Raw"}}},"Compose(Style)":{"runAfter":{"Apply_to_each":["Succeeded"]},"metadata":{"operationMetadataId":"f69e1155-fb08-4a2e-bbfd-776e42925e4d"},"type":"Compose","inputs":"<style>\ntable {\n  border: 1px solid #1C6EA4;\n  background-color: #EEEEEE;\n  width: 100%;\n  text-align: left;\n  border-collapse: collapse;\n}\ntable td, table th {\n  border: 1px solid #AAAAAA;\n  padding: 3px 2px;\n}\ntable tbody td {\n  font-size: 13px;\n}\ntable thead {\n  background: orange;\n  border-bottom: 2px solid #444444;\n}\ntable thead th {\n  font-size: 15px;\n  font-weight: bold;\n  color: #FFFFFF;\n  border-left: 2px solid #D0E4F5;\n}\ntable thead th:first-child {\n  border-left: none;\n}\n</style>\n"},"Send_email_(V2)":{"runAfter":{"Send_an_email_(V2)":["Succeeded"]},"metadata":{"operationMetadataId":"58b32adc-226a-458f-be65-974bffdef0a6"},"type":"OpenApiConnection","inputs":{"host":{"apiId":"/providers/Microsoft.PowerApps/apis/shared_gmail","connectionName":"shared_gmail_1","operationId":"SendEmailV2"},"parameters":{"emailMessage/To":"maximdm22@gmail.com","emailMessage/Subject":"Asset Managment Report","emailMessage/Body":"<p>@{outputs('Compose(Style)')}@{join(variables('varHTML'), '')}</p>"},"authentication":{"value":"@json(decodeBase64(triggerOutputs().headers['X-MS-APIM-Tokens']))['$ConnectionKey']","type":"Raw"}}},"Apply_to_each":{"foreach":"@triggerBody()['text']","actions":{"Scope":{"actions":{"Create_HTML_table":{"runAfter":{"Select":["Succeeded"]},"metadata":{"operationMetadataId":"60fe10fd-e5b5-4622-ba74-a726ce76c03e"},"type":"Table","inputs":{"from":"@body('Select')","format":"HTML"}},"Compose(Clean_HTML)":{"runAfter":{"Create_HTML_table":["Succeeded"]},"metadata":{"operationMetadataId":"6238f2cb-4550-4ec4-a3b9-0393224f4471"},"type":"Compose","inputs":"@replace(replace(replace(replace(replace(body('Create_HTML_table'), '&lt;', '<'), '&gt;', '>'), '&amp;', '&'), '&#39;', '\"'), '&quot;', '\"')"},"Select":{"runAfter":{"Get_items":["Succeeded"]},"metadata":{"operationMetadataId":"25de8f23-1b13-4799-ad5e-980df755267b"},"type":"Select","inputs":{"from":"@outputs('Get_items')?['body/value']","select":{"Asset Tag":"<a href=\"@{item()?['{Link}']}\">\n@{item()?['Title']}</a>","Manufacturer":"@item()?['Manufacturer/Value']","Model":"@item()?['Model']","Due Date":"@formatDateTime(item()?['DueDate'], 'MMM ddd yyyy')","Status":"<font color=\"@{if(equals(item()?['Status/Value'], 'Available'), 'green', if(equals(item()?['Status/Value'], 'In repair'), 'red', 'orange'))}\">@{item()?['Status/Value']}\n</font>","Current Owner":"<img width='50' style='border-radius: 50%' src='@{item()?['CurrentOwner/Picture']}'></img>"}}},"Get_items":{"runAfter":{},"metadata":{"operationMetadataId":"c1b57a1e-7d58-4ae2-bc0d-162ecd1679f3"},"type":"OpenApiConnection","inputs":{"host":{"apiId":"/providers/Microsoft.PowerApps/apis/shared_sharepointonline","connectionName":"shared_sharepointonline","operationId":"GetItems"},"parameters":{"dataset":"https://dldc-my.sharepoint.com/personal/mdymtriiev_dldc_org/","table":"5dac81e7-7b2f-4c99-836b-22b66df3d21e","$filter":"Status eq '@{item()}'"},"authentication":{"value":"@json(decodeBase64(triggerOutputs().headers['X-MS-APIM-Tokens']))['$ConnectionKey']","type":"Raw"}}},"Append_to_array_variable":{"runAfter":{"Compose(Clean_HTML)":["Succeeded"]},"metadata":{"operationMetadataId":"c033df23-998b-4808-b1d7-4bf2c65425b6"},"type":"AppendToArrayVariable","inputs":{"name":"varHTML","value":"<b>@{item()} (@{length(outputs('Get_items')?['body/value'])})</b></br>@{outputs('Compose(Clean_HTML)')}</br></br>"}}},"runAfter":{},"metadata":{"operationMetadataId":"d1d8c8a2-34b4-497c-8068-5ff965025794"},"type":"Scope"}},"runAfter":{"Initialize_variable":["Succeeded"]},"metadata":{"operationMetadataId":"30217e4c-8eef-4e22-a32a-fbfa2ead5463"},"type":"Foreach"},"Initialize_variable":{"runAfter":{},"metadata":{"operationMetadataId":"a10bd013-528b-4d58-989a-20984da362a4"},"type":"InitializeVariable","inputs":{"variables":[{"name":"varHTML","type":"array"}]}}}},"connectionReferences":{"shared_sharepointonline":{"connectionName":"38cb66ce397840a0a9db5aabada91e12","source":"Invoker","id":"/providers/Microsoft.PowerApps/apis/shared_sharepointonline","tier":"NotSpecified"},"shared_office365":{"connectionName":"6e996dbeecb34b65a0b1cbab1061a46a","source":"Invoker","id":"/providers/Microsoft.PowerApps/apis/shared_office365","tier":"NotSpecified"},"shared_gmail_1":{"connectionName":"shared-gmail-12f8cb1b-b787-4495-afe2-03d9fcab8166","source":"Invoker","id":"/providers/Microsoft.PowerApps/apis/shared_gmail","tier":"NotSpecified"}},"flowFailureAlertSubscribed":false,"isManaged":false}}